,"business service (e.g., internet access)",check in / front desk,cleanliness,location,overall,rooms,service,sleep quality,value,Date
0,,,5,5,5.0,5,5,5,5,2012-03-25
1,,,2,3,1.0,2,3,1,2,2012-03-24
2,,,4,5,5.0,4,5,4,4,2012-03-24
3,,,5,5,5.0,5,5,5,5,2012-03-24
4,,,5,5,5.0,5,5,5,5,2012-03-23
5,,,4,5,4.0,4,4,4,4,2012-03-22
6,,,4,5,4.0,3,4,3,5,2012-03-22
7,,,4,4,3.0,3,2,4,3,2012-03-20
8,,,4,5,4.0,3,5,3,4,2012-03-19
9,,,5,4,4.0,5,5,3,4,2012-03-19
10,,,5,5,5.0,5,5,4,4,2012-03-19
11,,,5,4,4.0,4,5,3,4,2012-03-17
12,,,5,5,4.0,5,4,5,5,2012-03-16
13,,,5,4,4.0,5,3,5,5,2012-03-15
14,,,5,5,5.0,5,4,3,4,2012-03-15
15,,,5,5,5.0,5,5,5,5,2012-03-14
16,,,4,4,4.0,4,4,4,3,2012-03-13
17,,,4,4,3.0,3,4,3,3,2012-03-13
18,,,4,4,5.0,5,4,4,5,2012-03-12
19,,,5,5,5.0,5,5,5,5,2012-03-11
20,,,4,3,3.0,4,4,3,3,2012-03-10
21,,,5,5,4.0,3,5,4,5,2012-03-08
22,,,5,5,5.0,5,5,5,5,2012-03-07
23,,,5,5,4.0,3,3,3,4,2012-03-07
24,,,4,4,4.0,3,5,4,5,2012-03-04
25,,,5,5,5.0,5,5,5,5,2012-03-03
26,,,4,4,4.0,5,4,4,4,2012-03-02
27,,,5,5,5.0,5,5,,5,2012-03-02
28,,,5,5,5.0,5,5,5,5,2012-02-29
29,,,5,4,5.0,4,5,5,5,2012-02-28
30,,,5,5,5.0,5,5,5,5,2012-02-26
31,,,4,3,3.0,5,2,4,3,2012-02-26
32,,,5,5,4.0,5,5,4,3,2012-02-26
33,,,5,3,3.0,3,3,3,3,2012-02-26
34,,,4,4,5.0,5,5,4,4,2012-02-25
35,,,5,3,4.0,4,4,3,4,2012-02-25
36,,,5,5,5.0,5,5,5,5,2012-02-24
37,,,5,4,5.0,5,4,5,4,2012-02-24
38,,,4,5,2.0,5,2,4,2,2012-02-24
39,,,4,5,3.0,3,4,3,3,2012-02-24
40,,,3,3,3.0,3,2,2,2,2012-02-22
41,,,4,4,3.0,4,4,2,3,2012-02-22
42,,,5,5,5.0,5,5,4,5,2012-02-21
43,,,2,4,3.0,3,3,3,2,2012-02-20
44,,,5,5,5.0,5,5,5,5,2012-02-20
45,,,4,5,4.0,5,4,5,5,2012-02-19
46,,,5,4,4.0,4,4,2,3,2012-02-16
47,,,5,4,4.0,5,4,5,4,2012-02-14
48,,,5,5,5.0,5,5,5,5,2012-02-12
49,,,4,4,4.0,4,3,4,3,2012-02-12
50,,,5,5,5.0,5,5,4,5,2012-02-11
51,,,5,5,5.0,5,5,5,5,2012-02-11
52,,,3,5,5.0,4,5,4,5,2012-02-07
53,,,5,5,5.0,5,5,5,5,2012-02-07
54,,,5,4,4.0,5,4,4,4,2012-02-06
55,,,4,5,3.0,4,4,3,4,2012-02-05
56,,,5,5,5.0,5,5,4,5,2012-02-04
57,,,5,5,5.0,5,5,5,5,2012-02-03
58,,,4,5,4.0,4,5,4,4,2012-02-02
59,,,,,4.0,,,,,2012-02-01
60,,,3,3,3.0,3,3,3,3,2012-02-01
61,,,4,5,5.0,5,5,5,5,2012-01-31
62,,,5,5,4.0,4,4,4,4,2012-01-31
63,,,5,5,5.0,5,5,4,5,2012-01-30
64,,,5,5,5.0,5,5,5,5,2012-01-30
65,,,5,4,5.0,5,4,5,4,2012-01-30
66,,,4,4,4.0,4,4,4,4,2012-01-30
67,,,2,4,2.0,2,3,1,3,2012-01-30
68,,,4,4,4.0,3,4,3,4,2012-01-30
69,,,5,5,5.0,5,5,5,5,2012-01-30
70,,,5,5,5.0,5,5,5,5,2012-01-30
71,,,5,5,5.0,5,5,5,5,2012-01-29
72,,,5,5,5.0,5,5,3,5,2012-01-28
73,,,4,3,3.0,3,4,2,4,2012-01-28
74,,,5,4,4.0,4,5,5,4,2012-01-27
75,,,5,5,5.0,5,5,5,5,2012-01-27
76,,,5,5,4.0,5,5,5,5,2012-01-25
77,,,5,5,5.0,4,5,5,4,2012-01-25
78,,,5,5,5.0,5,5,5,4,2012-01-24
79,,,5,5,5.0,5,5,5,5,2012-01-24
80,,,4,4,4.0,4,4,4,4,2012-01-24
81,,,4,4,4.0,4,3,3,3,2012-01-24
82,,,5,5,5.0,4,5,4,5,2012-01-23
83,,,4,5,4.0,5,4,,4,2012-01-22
84,,,4,4,3.0,4,3,4,4,2012-01-21
85,,,5,5,5.0,5,5,5,5,2012-01-21
86,,,5,5,5.0,5,5,,5,2012-01-20
87,,,5,5,4.0,4,4,4,4,2012-01-19
88,,,3,3,1.0,1,1,1,1,2012-01-19
89,,,4,2,2.0,3,2,3,2,2012-01-19
90,,,5,4,5.0,5,5,5,5,2012-01-18
91,,,5,3,3.0,3,4,4,3,2012-01-17
92,,,4,4,4.0,4,5,4,4,2012-01-16
93,,,5,5,5.0,5,5,5,4,2012-01-16
94,,,5,5,5.0,5,5,5,5,2012-01-15
95,,,5,5,4.0,5,5,5,4,2012-01-15
96,,,5,5,4.0,4,4,4,4,2012-01-14
97,,,3,5,3.0,2,2,1,1,2012-01-12
98,,,5,5,4.0,5,5,4,4,2012-01-12
99,,,3,3,1.0,2,1,3,3,2012-01-11
100,,,5,5,5.0,5,5,5,5,2012-01-10
101,,,5,4,4.0,3,5,3,4,2012-01-10
102,,,5,5,5.0,5,5,5,5,2012-01-08
103,,,5,5,5.0,4,5,5,4,2012-01-08
104,,,5,5,4.0,4,4,5,3,2012-01-05
105,,,3,4,3.0,3,5,3,3,2012-01-05
106,,,5,5,5.0,5,5,,5,2012-01-04
107,,,4,5,4.0,4,3,3,5,2012-01-03
108,,,2,3,2.0,2,2,1,2,2012-01-02
109,,,5,5,4.0,4,5,5,5,2012-01-02
110,,,4,4,5.0,5,5,4,5,2012-01-01
111,,,2,1,1.0,1,1,,1,2012-01-01
112,,,5,5,5.0,5,5,5,5,2011-12-30
113,,,3,4,2.0,3,2,3,2,2011-12-30
114,,,5,5,5.0,5,5,4,5,2011-12-30
115,,,3,5,3.0,3,4,3,3,2011-12-29
116,,,5,5,5.0,5,5,5,5,2011-12-29
117,,,1,3,1.0,1,2,1,1,2011-12-29
118,,,5,5,5.0,5,5,5,5,2011-12-28
119,,,4,3,3.0,3,4,3,3,2011-12-28
120,,,3,3,2.0,2,1,2,3,2011-12-26
121,,,5,5,5.0,5,5,,5,2011-12-25
122,,,4,4,3.0,4,4,2,4,2011-12-23
123,,,4,5,5.0,4,5,3,5,2011-12-20
124,,,5,5,4.0,5,5,2,4,2011-12-20
125,,,4,5,4.0,4,4,4,4,2011-12-19
126,,,3,5,3.0,2,4,2,4,2011-12-19
127,,,4,5,4.0,4,4,4,4,2011-12-18
128,,,5,5,5.0,5,5,5,5,2011-12-16
129,,,5,5,5.0,5,5,4,5,2011-12-15
130,,,5,5,5.0,4,5,3,5,2011-12-13
131,,,5,4,4.0,4,5,4,4,2011-12-12
132,,,4,5,4.0,3,5,3,4,2011-12-10
133,,,5,3,3.0,5,5,5,3,2011-12-10
134,,,5,5,5.0,5,5,5,5,2011-12-09
135,,,4,4,4.0,5,5,3,5,2011-12-09
136,,,3,4,2.0,4,2,3,2,2011-12-08
137,,,4,4,3.0,3,3,3,4,2011-12-07
138,,,5,5,5.0,4,5,4,5,2011-12-05
139,,,5,5,4.0,5,5,5,5,2011-12-04
140,,,1,4,1.0,1,1,2,3,2011-12-02
141,,,5,5,4.0,4,4,3,4,2011-12-02
142,,,5,5,5.0,5,5,3,5,2011-12-02
143,,,5,5,4.0,5,4,4,5,2011-12-01
144,,,4,5,3.0,4,4,5,3,2011-11-30
145,,,5,5,5.0,5,5,5,5,2011-11-28
146,,,4,4,4.0,3,4,4,4,2011-11-27
147,,,3,3,3.0,2,4,2,3,2011-11-27
148,,,5,4,5.0,5,5,5,5,2011-11-27
149,,,,,5.0,,,,,2011-11-27
150,,,4,4,4.0,3,5,4,3,2011-11-27
151,,,5,5,5.0,5,5,3,5,2011-11-27
152,,,5,5,5.0,5,5,3,5,2011-11-22
153,,,5,5,5.0,5,5,5,5,2011-11-21
154,,,5,4,5.0,5,5,4,4,2011-11-21
155,,,5,5,5.0,4,5,4,5,2011-11-21
156,,,,,4.0,,4,4,4,2011-11-18
157,,,4,4,4.0,4,4,2,4,2011-11-18
158,,,4,4,4.0,4,4,5,5,2011-11-15
159,,,5,5,4.0,5,4,5,4,2011-11-15
160,,,4,4,3.0,4,2,4,3,2011-11-15
161,,,5,5,4.0,3,5,3,4,2011-11-14
162,,,5,5,5.0,4,5,2,5,2011-11-13
163,,,4,5,4.0,4,4,4,4,2011-11-13
164,,,4,4,4.0,5,4,3,3,2011-11-10
165,,,4,4,3.0,4,3,3,1,2011-11-08
166,,,5,5,5.0,5,5,3,5,2011-11-08
167,,,4,5,4.0,5,2,4,4,2011-11-07
168,,,5,4,5.0,5,4,5,4,2011-11-06
169,,,4,4,4.0,3,5,4,3,2011-11-02
170,,,5,4,4.0,4,4,4,4,2011-10-31
171,,,5,5,5.0,5,5,5,5,2011-10-30
172,,,4,5,5.0,5,5,5,5,2011-10-29
173,,,5,5,4.0,5,4,4,4,2011-10-28
174,,,4,4,4.0,4,4,4,4,2011-10-26
175,,,5,5,5.0,5,5,5,5,2011-10-26
176,,,5,4,4.0,5,5,5,4,2011-10-24
177,,,4,5,1.0,4,1,3,1,2011-10-20
178,,,3,3,3.0,2,2,1,2,2011-10-19
179,,,4,4,4.0,3,4,4,4,2011-10-19
180,,,4,5,5.0,4,4,5,5,2011-10-18
181,,,3,3,1.0,2,1,3,1,2011-10-16
182,,,4,3,2.0,4,1,4,3,2011-10-15
183,,,5,5,5.0,5,5,5,5,2011-10-14
184,,,3,5,2.0,1,2,1,3,2011-10-11
185,,,4,4,5.0,4,5,5,5,2011-10-10
186,,,5,5,5.0,5,5,5,5,2011-10-09
187,,,5,5,4.0,3,5,4,4,2011-10-08
188,,,3,5,2.0,2,4,2,3,2011-10-02
189,,,5,5,5.0,5,5,5,5,2011-09-30
190,,,4,4,5.0,4,4,4,5,2011-09-30
191,,,4,4,3.0,4,4,4,4,2011-09-27
192,,,5,4,5.0,5,5,3,5,2011-09-27
193,,,5,5,5.0,5,5,5,5,2011-09-24
194,,,5,5,5.0,5,5,5,5,2011-09-23
195,,,5,5,5.0,5,5,5,5,2011-09-23
196,,,4,2,4.0,4,2,4,4,2011-09-20
197,,,4,4,3.0,4,4,5,3,2011-09-20
198,,,5,5,4.0,5,4,4,5,2011-09-20
199,,,,4,5.0,5,5,,4,2011-09-19
200,,,,5,5.0,5,5,,5,2011-09-15
201,,,,5,5.0,5,5,,5,2011-09-14
202,,,4,3,3.0,4,3,,3,2011-09-12
203,,,,3,4.0,3,4,,3,2011-09-12
204,,,3,,3.0,,3,4,3,2011-09-08
205,,,5,,5.0,,5,5,5,2011-09-04
206,,,5,,5.0,,5,5,5,2011-09-04
207,,,5,,5.0,,5,5,5,2011-09-04
208,,,5,,5.0,,5,5,4,2011-09-02
209,,,5,,5.0,,5,5,5,2011-09-02
210,,,5,,5.0,,5,5,5,2011-08-31
211,,,5,,5.0,,5,5,5,2011-08-27
212,,,5,,5.0,,4,4,5,2011-08-26
213,,,5,,5.0,,5,5,5,2011-08-24
214,,,5,,5.0,,5,5,5,2011-08-23
215,,,5,,5.0,,5,4,5,2011-08-22
216,,,5,,5.0,,5,5,5,2011-08-21
217,,,5,,4.0,,5,4,5,2011-08-20
218,,,5,,5.0,,5,5,5,2011-08-18
219,,,5,,5.0,,5,4,5,2011-08-17
220,,,5,,5.0,,5,3,5,2011-08-15
221,,,4,,4.0,,5,3,5,2011-08-14
222,,,5,,4.0,,5,4,4,2011-08-14
223,,,5,,5.0,,4,4,5,2011-08-14
224,,,4,,5.0,,5,5,4,2011-08-14
225,,,,,4.0,,,,,2011-08-11
226,,,5,,5.0,,5,5,5,2011-08-11
227,,,2,,1.0,,1,2,1,2011-08-10
228,,,4,,4.0,,4,4,5,2011-08-09
229,,,4,,4.0,,5,3,5,2011-08-09
230,,,1,3,1.0,1,1,,1,2011-08-09
231,,,5,,5.0,,5,5,5,2011-08-08
232,,,5,,5.0,,5,5,5,2011-08-06
233,,,4,,4.0,,3,3,4,2011-08-04
234,,,4,,4.0,,4,4,4,2011-08-04
235,,,2,,2.0,,2,1,2,2011-08-04
236,,,5,,5.0,,5,5,5,2011-08-04
237,,,5,,5.0,,5,5,5,2011-08-03
238,,,4,,3.0,,4,3,3,2011-08-03
239,,,5,,4.0,,5,5,5,2011-08-03
240,,,2,,3.0,,5,2,3,2011-08-01
241,,,5,5,5.0,5,5,,5,2011-07-31
242,,,5,,5.0,,5,5,5,2011-07-30
243,,,5,,5.0,,5,5,5,2011-07-30
244,,,5,,5.0,,5,4,5,2011-07-29
245,,,4,,5.0,,4,4,5,2011-07-28
246,,,5,,5.0,,5,5,5,2011-07-28
247,,,5,,4.0,,5,4,5,2011-07-28
248,,,5,,4.0,,5,5,5,2011-07-27
249,,,5,,5.0,,5,5,5,2011-07-27
250,,,5,,4.0,,5,5,5,2011-07-27
251,,,5,,5.0,,4,4,5,2011-07-27
252,,,5,,4.0,,3,5,4,2011-07-26
253,,,5,,4.0,,5,4,4,2011-07-26
254,,,5,,4.0,,4,3,5,2011-07-26
255,,,5,,5.0,,5,4,5,2011-07-25
256,,,5,,5.0,,5,5,5,2011-07-24
257,,,5,,5.0,,5,3,5,2011-07-23
258,,,5,,5.0,,5,4,5,2011-07-22
259,,,5,4,5.0,5,4,,5,2011-07-22
260,,,5,,5.0,,5,5,5,2011-07-22
261,,,4,,4.0,,4,4,4,2011-07-22
262,,,4,5,3.0,4,3,,3,2011-07-21
263,,,5,,5.0,,5,5,5,2011-07-20
264,,,5,,5.0,,5,4,5,2011-07-20
265,,,5,,5.0,,5,5,5,2011-07-20
266,,,5,,4.0,,5,5,4,2011-07-19
267,,,5,,5.0,,5,5,5,2011-07-19
268,,,4,,5.0,,5,5,5,2011-07-14
269,,,5,,5.0,,5,5,5,2011-07-14
270,,,5,,5.0,,5,5,5,2011-07-13
271,,,5,,5.0,,5,5,5,2011-07-13
272,,,5,5,4.0,5,4,,5,2011-07-13
273,,,5,,4.0,,4,4,4,2011-07-12
274,,,5,,5.0,,5,5,5,2011-07-11
275,,,4,,3.0,,3,2,3,2011-07-11
276,,,3,,1.0,,1,1,2,2011-07-10
277,,,5,,5.0,,5,5,5,2011-07-09
278,,,4,,3.0,,2,4,3,2011-07-08
279,,,4,,4.0,,4,2,5,2011-07-07
280,,,4,,4.0,,4,4,5,2011-07-06
281,,,2,,2.0,,2,1,2,2011-07-05
282,,,4,,4.0,,4,3,5,2011-07-04
283,,,5,,5.0,,5,5,5,2011-07-03
284,,,5,,5.0,,5,5,5,2011-07-02
285,,,5,5,4.0,5,4,,5,2011-07-01
286,,,2,,2.0,,2,1,2,2011-07-01
287,,,5,,5.0,,5,5,5,2011-07-01
288,,,4,,5.0,,5,3,5,2011-06-30
289,,,3,,2.0,,1,1,2,2011-06-30
290,,,5,,3.0,,3,5,4,2011-06-30
291,,,5,,5.0,,5,4,5,2011-06-28
292,,,5,,4.0,,4,4,5,2011-06-27
293,,,5,,5.0,,5,4,5,2011-06-27
294,,,5,,5.0,,5,4,5,2011-06-27
295,,,5,,5.0,,5,5,5,2011-06-26
296,,,5,,5.0,,5,1,5,2011-06-25
297,,,4,,4.0,,4,3,4,2011-06-24
298,,,5,,5.0,,5,4,5,2011-06-23
299,,,5,,5.0,,5,5,5,2011-06-23
300,,,5,,5.0,,5,5,5,2011-06-22
301,,,5,,5.0,,5,5,5,2011-06-21
302,,,4,,4.0,,5,4,5,2011-06-21
303,,,5,,3.0,,5,3,4,2011-06-21
304,,,5,4,4.0,5,5,5,5,2011-06-19
305,,,3,,2.0,,3,1,2,2011-06-19
306,,,5,,5.0,,5,5,5,2011-06-18
307,,,5,5,5.0,3,5,4,5,2011-06-18
308,,,4,,5.0,,5,4,5,2011-06-17
309,,,4,,4.0,,5,4,5,2011-06-16
310,,,5,,5.0,,5,4,5,2011-06-16
311,,,,,4.0,,,,,2011-06-14
312,,,5,,4.0,,5,2,5,2011-06-13
313,,,5,,5.0,,5,4,5,2011-06-12
314,,,,,3.0,,,,,2011-06-12
315,,,5,,5.0,,5,5,5,2011-06-10
316,,,5,,5.0,,5,5,5,2011-06-10
317,,,5,,5.0,,5,2,5,2011-06-07
318,,,5,,3.0,,3,2,5,2011-06-07
319,,,5,,5.0,,5,3,5,2011-06-05
320,,,5,,4.0,,5,5,5,2011-06-04
321,,,3,3,1.0,3,1,,1,2011-06-03
322,,,4,,3.0,,4,4,4,2011-06-03
323,,,5,,5.0,,5,5,4,2011-06-02
324,,,,,5.0,,,,,2011-06-02
325,,,,,3.0,,,,,2011-05-30
326,,,5,5,4.0,5,5,4,5,2011-05-28
327,,,5,5,5.0,3,5,4,5,2011-05-28
328,,,5,5,4.0,4,4,5,5,2011-05-27
329,,,,,2.0,,,,,2011-05-26
330,,,5,5,4.0,5,5,4,5,2011-05-25
331,,,5,4,5.0,5,5,5,4,2011-05-23
332,,,5,5,5.0,5,5,5,5,2011-05-23
333,,,5,3,4.0,3,5,3,5,2011-05-22
334,,,5,5,5.0,5,5,3,5,2011-05-20
335,,,5,5,5.0,4,4,4,5,2011-05-18
336,,,5,4,4.0,4,5,4,5,2011-05-18
337,,,5,3,5.0,4,5,5,5,2011-05-18
338,,,5,5,5.0,4,5,4,4,2011-05-18
339,,,3,3,1.0,1,1,1,1,2011-05-16
340,,,5,5,5.0,5,4,5,5,2011-05-16
341,,,5,5,5.0,5,5,4,5,2011-05-15
342,,,5,5,5.0,5,5,4,5,2011-05-14
343,,,4,5,3.0,4,2,4,3,2011-05-14
344,,,4,4,3.0,3,3,3,3,2011-05-13
345,,,5,4,3.0,5,4,5,3,2011-05-11
346,,,5,5,5.0,5,5,3,5,2011-05-11
347,,,5,5,5.0,5,5,5,5,2011-05-11
348,,,5,5,5.0,5,5,5,5,2011-05-09
349,,,3,2,1.0,5,1,2,1,2011-05-09
350,,,5,5,4.0,3,5,4,5,2011-05-08
351,,,5,5,4.0,4,5,4,5,2011-05-07
352,,,4,4,4.0,4,4,4,4,2011-05-06
353,,,4,5,3.0,3,3,,3,2011-05-05
354,,,5,5,4.0,5,5,3,5,2011-05-05
355,,,4,4,1.0,1,1,3,1,2011-05-05
356,,,5,5,5.0,4,5,4,4,2011-05-04
357,,,5,5,5.0,5,5,5,5,2011-05-03
358,,,,,4.0,,,,,2011-05-02
359,,,5,5,4.0,4,4,2,4,2011-05-02
360,,,4,4,3.0,1,4,1,4,2011-05-01
361,,,5,5,5.0,5,5,5,5,2011-05-01
362,,,5,5,5.0,5,5,5,5,2011-05-01
363,,,4,5,4.0,4,3,5,3,2011-05-01
364,,,5,5,4.0,5,4,3,5,2011-04-29
365,,,5,5,5.0,3,5,3,5,2011-04-29
366,,,5,5,5.0,5,5,4,5,2011-04-29
367,,,5,5,5.0,5,5,5,5,2011-04-29
368,,,4,5,4.0,5,5,4,5,2011-04-28
369,,,5,5,4.0,4,4,4,4,2011-04-26
370,,,5,5,5.0,5,5,,5,2011-04-25
371,,,5,5,5.0,4,5,3,5,2011-04-24
372,,,4,5,4.0,4,4,4,5,2011-04-23
373,,,3,5,2.0,3,2,5,3,2011-04-23
374,,,5,5,5.0,5,5,5,5,2011-04-22
375,,,5,5,4.0,4,4,4,5,2011-04-22
376,,,5,5,5.0,4,4,5,4,2011-04-21
377,,,4,5,3.0,4,4,4,4,2011-04-21
378,,,5,5,5.0,5,5,5,4,2011-04-20
379,,,4,5,5.0,5,4,4,5,2011-04-20
380,,,4,5,5.0,5,4,5,4,2011-04-17
381,,,5,5,5.0,5,4,5,5,2011-04-17
382,,,5,5,5.0,5,5,5,5,2011-04-15
383,,,5,5,3.0,4,3,4,3,2011-04-13
384,,,5,5,5.0,5,5,5,5,2011-04-10
385,,,5,5,5.0,4,5,4,5,2011-04-08
386,,,5,5,3.0,2,5,2,5,2011-04-08
387,,,,,4.0,,,,,2011-04-07
388,,,3,5,4.0,3,4,3,3,2011-04-05
389,,,3,4,3.0,3,3,1,1,2011-04-02
390,,,5,4,5.0,5,5,5,5,2011-04-02
391,,,5,5,5.0,4,5,4,5,2011-04-01
392,,,,,3.0,,,,,2011-03-31
393,,,5,5,3.0,5,1,5,3,2011-03-31
394,,,5,5,5.0,5,5,4,5,2011-03-30
395,,,5,5,5.0,5,5,5,5,2011-03-29
396,,,5,5,5.0,4,5,5,5,2011-03-28
397,,,4,4,4.0,4,4,4,4,2011-03-28
398,,,4,4,4.0,3,4,3,4,2011-03-28
399,,,3,3,2.0,2,2,1,1,2011-03-27
400,,,5,5,5.0,5,5,4,5,2011-03-25
401,,,4,4,3.0,2,4,4,2,2011-03-24
402,,,5,5,5.0,5,5,5,5,2011-03-23
403,,,5,5,5.0,5,5,5,5,2011-03-22
404,,,5,5,5.0,5,5,5,5,2011-03-21
405,,,5,5,5.0,5,5,5,5,2011-03-21
406,,,,,5.0,,,,,2011-03-21
407,,,,,3.0,,,,,2011-03-20
408,,,5,5,5.0,5,5,5,5,2011-03-20
409,,,5,5,5.0,5,5,5,5,2011-03-19
410,,,4,5,4.0,3,5,4,5,2011-03-19
411,,,5,5,5.0,5,5,5,5,2011-03-19
412,,,5,5,5.0,5,5,4,5,2011-03-19
413,,,5,5,5.0,5,5,5,5,2011-03-16
414,,,1,4,1.0,1,1,1,1,2011-03-15
415,,,4,5,4.0,4,5,2,5,2011-03-15
416,,,5,3,4.0,4,5,4,4,2011-03-14
417,,,5,5,4.0,3,5,5,5,2011-03-14
418,,,5,3,4.0,2,5,,4,2011-03-13
419,,,4,5,3.0,3,3,3,3,2011-03-12
420,,,5,5,5.0,5,5,5,5,2011-03-09
421,,,4,4,4.0,3,4,3,3,2011-03-09
422,,,,,3.0,,,,,2011-03-08
423,,,4,4,4.0,4,4,4,3,2011-03-08
424,,,3,3,3.0,3,5,1,4,2011-03-07
425,,,4,4,4.0,4,5,3,5,2011-03-06
426,,,4,5,4.0,4,4,5,4,2011-03-05
427,,,4,4,3.0,3,2,4,3,2011-03-05
428,,,5,4,3.0,2,3,4,3,2011-03-04
429,,,5,5,4.0,5,5,5,5,2011-03-01
430,,,4,3,4.0,4,4,4,4,2011-02-28
431,,,5,5,4.0,5,3,4,5,2011-02-28
432,,,5,5,5.0,5,5,5,5,2011-02-27
433,,,5,5,5.0,5,5,5,5,2011-02-26
434,,,4,4,4.0,4,4,3,4,2011-02-26
435,,,5,5,5.0,5,5,,5,2011-02-24
436,,,5,5,5.0,5,5,5,5,2011-02-24
437,,,5,5,5.0,5,5,3,5,2011-02-24
438,,,5,5,4.0,4,4,4,3,2011-02-24
439,,,5,5,3.0,3,5,5,2,2011-02-23
440,,,4,4,3.0,3,4,2,3,2011-02-21
441,,,3,1,2.0,1,3,2,2,2011-02-21
442,,,4,4,4.0,3,4,3,3,2011-02-19
443,,,5,2,3.0,4,1,1,1,2011-02-17
444,,,4,4,4.0,5,4,4,5,2011-02-15
445,,,4,4,4.0,3,4,3,4,2011-02-13
446,,,5,4,4.0,4,4,3,4,2011-02-11
447,,,5,5,5.0,5,5,5,5,2011-02-11
448,,,5,5,5.0,5,5,4,5,2011-02-10
449,,,3,4,3.0,3,1,4,3,2011-02-10
450,,,4,5,4.0,3,4,3,5,2011-02-08
451,,,5,5,3.0,5,4,5,3,2011-02-08
452,,,5,5,4.0,4,5,4,5,2011-02-07
453,,,5,5,4.0,3,4,3,4,2011-02-07
454,,,,,4.0,,,,,2011-02-07
455,,,5,5,4.0,4,4,4,5,2011-02-07
456,,,5,5,5.0,5,5,5,5,2011-02-06
457,,,5,5,4.0,5,4,5,5,2011-02-06
458,,,,,1.0,,,,,2011-02-06
459,,,5,5,1.0,4,4,4,1,2011-02-05
460,,,5,5,5.0,5,5,5,5,2011-02-03
461,,,5,4,4.0,4,4,3,4,2011-02-02
462,,,,,1.0,,1,,1,2011-02-02
463,,,4,4,4.0,4,4,4,5,2011-02-01
464,,,4,4,2.0,3,2,4,4,2011-02-01
465,,,,,4.0,,,,,2011-02-01
466,,,5,5,5.0,5,5,5,5,2011-02-01
467,,,4,4,4.0,3,4,4,4,2011-02-01
468,,,4,3,5.0,3,4,3,4,2011-01-31
469,,,4,4,2.0,4,4,4,4,2011-01-31
470,,,2,4,2.0,2,2,3,2,2011-01-30
471,,,5,5,4.0,4,5,3,5,2011-01-30
472,,,5,5,5.0,5,5,5,5,2011-01-27
473,,,5,5,5.0,5,5,5,5,2011-01-26
474,,,5,5,5.0,5,5,5,5,2011-01-26
475,,,,,5.0,,,,,2011-01-25
476,,,5,5,5.0,4,5,4,5,2011-01-25
477,,,5,5,4.0,4,4,4,4,2011-01-25
478,,,5,5,5.0,5,5,4,5,2011-01-24
479,,,5,5,5.0,4,5,5,5,2011-01-24
480,,,,,3.0,,,,,2011-01-23
481,,,4,5,4.0,4,3,4,3,2011-01-22
482,,,4,4,4.0,4,4,3,4,2011-01-15
483,,,5,5,5.0,5,5,4,4,2011-01-12
484,,,5,5,5.0,5,5,5,5,2011-01-11
485,,,5,5,4.0,3,5,3,5,2011-01-09
486,,,4,4,3.0,4,1,4,3,2011-01-08
487,,,4,5,4.0,3,4,3,3,2011-01-06
488,,,5,5,4.0,5,4,5,5,2011-01-06
489,,,4,4,4.0,4,5,4,3,2011-01-06
490,,,3,4,3.0,3,2,3,3,2011-01-04
491,,,4,4,3.0,4,4,3,4,2011-01-03
492,,,3,3,2.0,2,1,,1,2011-01-02
493,,,5,5,5.0,5,5,4,5,2010-12-30
494,,,4,5,3.0,4,4,4,3,2010-12-30
495,,,5,5,5.0,4,5,5,5,2010-12-29
496,,,4,4,3.0,3,4,4,2,2010-12-28
497,,,4,5,5.0,3,4,3,4,2010-12-28
498,,,,,5.0,,,,,2010-12-28
499,,,4,4,3.0,4,3,3,2,2010-12-27
500,,,4,5,3.0,3,4,2,4,2010-12-25
501,,,3,4,2.0,3,1,3,3,2010-12-24
502,,,5,5,5.0,5,5,5,5,2010-12-22
503,,,3,4,2.0,3,2,1,4,2010-12-22
504,,,5,5,5.0,4,5,5,5,2010-12-21
505,,,5,5,5.0,5,5,4,5,2010-12-20
506,,,5,5,3.0,3,3,1,5,2010-12-19
507,,,5,5,5.0,5,5,4,5,2010-12-18
508,,,5,5,3.0,5,2,5,5,2010-12-17
509,,,5,5,5.0,5,5,3,5,2010-12-15
510,,,5,5,5.0,5,5,5,5,2010-12-15
511,,,5,5,4.0,3,5,4,5,2010-12-14
512,,,5,5,5.0,5,5,5,5,2010-12-10
513,,,5,5,3.0,3,4,4,3,2010-12-09
514,,,5,5,5.0,5,5,5,5,2010-12-07
515,,,,,5.0,,,,,2010-12-06
516,,,4,4,4.0,4,4,4,3,2010-12-01
517,,,5,5,4.0,5,4,3,5,2010-12-01
518,,,5,4,5.0,5,5,4,3,2010-11-30
519,,,5,4,4.0,4,4,4,4,2010-11-30
520,,,5,5,5.0,5,5,5,5,2010-11-27
521,,,4,5,2.0,2,2,3,2,2010-11-26
522,,,5,5,4.0,4,4,4,5,2010-11-24
523,,,4,5,4.0,4,4,5,4,2010-11-23
524,,,,,4.0,,,,,2010-11-17
525,,,4,3,2.0,3,2,1,2,2010-11-17
526,,,5,5,5.0,4,5,4,5,2010-11-16
527,,,5,5,3.0,5,2,5,4,2010-11-15
528,,,4,5,5.0,5,5,4,5,2010-11-07
529,,,5,5,4.0,5,5,4,4,2010-11-05
530,,,5,5,5.0,5,5,5,5,2010-11-04
531,,,,,4.0,,,,,2010-11-03
532,,,4,4,5.0,4,4,3,4,2010-10-31
533,,,5,4,4.0,5,5,4,5,2010-10-28
534,,,5,4,4.0,4,5,5,5,2010-10-25
535,,,5,5,5.0,5,5,4,5,2010-10-24
536,,,5,4,4.0,3,5,3,5,2010-10-23
537,,,5,5,4.0,4,5,4,5,2010-10-21
538,,,5,4,5.0,5,5,5,5,2010-10-19
539,,,5,5,5.0,5,5,5,5,2010-10-18
540,,,5,5,4.0,4,4,4,5,2010-10-13
541,,,5,5,5.0,4,5,5,5,2010-10-12
542,,,3,5,3.0,3,3,3,3,2010-10-12
543,,,5,5,5.0,5,5,5,5,2010-10-11
544,,,4,5,3.0,5,4,4,4,2010-10-08
545,,,5,5,4.0,4,5,5,5,2010-10-08
546,,,5,5,5.0,5,5,5,5,2010-10-06
547,,,5,5,4.0,5,5,3,5,2010-10-05
548,,,5,5,4.0,5,5,5,5,2010-09-27
549,,,5,5,5.0,5,5,5,5,2010-09-26
550,,,5,5,4.0,3,3,3,4,2010-09-22
551,,,4,5,4.0,4,4,2,4,2010-09-20
552,,,,,4.0,,,,,2010-09-18
553,,,5,5,5.0,5,5,5,5,2010-09-17
554,,,5,4,5.0,5,5,,5,2010-09-17
555,,,,,4.0,,,,,2010-09-16
556,,,2,3,2.0,2,2,2,3,2010-09-14
557,,,5,5,4.0,4,5,4,4,2010-09-13
558,,,4,5,5.0,5,5,5,5,2010-09-05
559,,,5,5,5.0,5,5,,5,2010-09-04
560,,,4,5,5.0,5,5,5,5,2010-09-01
561,,,4,5,4.0,3,4,3,4,2010-09-01
562,,,5,5,4.0,4,5,4,4,2010-08-31
563,,,5,5,5.0,5,5,5,5,2010-08-31
564,,,4,5,4.0,5,4,4,5,2010-08-28
565,,,5,5,5.0,5,5,5,5,2010-08-27
566,,,,,5.0,,,,,2010-08-27
567,,,5,5,5.0,5,4,5,5,2010-08-27
568,,,4,5,4.0,4,5,4,5,2010-08-23
569,,,5,4,1.0,5,3,4,3,2010-08-19
570,,,5,5,5.0,5,5,4,5,2010-08-18
571,,,5,5,4.0,5,4,5,5,2010-08-17
572,,,4,5,4.0,3,4,4,5,2010-08-13
573,,,3,5,3.0,3,4,4,4,2010-08-13
574,,,5,5,5.0,5,5,5,5,2010-08-10
575,,,5,5,5.0,4,5,5,5,2010-08-08
576,,,4,4,5.0,4,4,4,4,2010-08-07
577,,,5,5,5.0,5,5,5,5,2010-08-06
578,,,5,5,5.0,5,5,5,5,2010-08-05
579,,,1,3,1.0,1,1,1,3,2010-08-04
580,,,4,5,4.0,3,4,1,4,2010-08-04
581,,,5,5,3.0,4,4,4,5,2010-08-03
582,,,4,4,4.0,4,4,3,5,2010-08-02
583,,,5,4,5.0,5,5,5,5,2010-08-01
584,,,4,5,2.0,5,3,5,5,2010-07-28
585,,,5,5,5.0,4,3,3,5,2010-07-27
586,,,4,3,4.0,4,3,4,3,2010-07-26
587,,,5,5,5.0,5,5,5,5,2010-07-26
588,,,4,2,3.0,2,1,2,2,2010-07-23
589,,,2,3,1.0,1,1,2,1,2010-07-22
590,,,4,3,2.0,1,2,2,1,2010-07-22
591,,,5,,5.0,5,5,5,5,2010-07-22
592,,,5,5,5.0,5,5,5,5,2010-07-19
593,,,5,5,4.0,5,4,5,5,2010-07-19
594,,,3,4,3.0,3,3,3,4,2010-07-17
595,,,4,5,4.0,4,4,4,4,2010-07-17
596,,,3,,2.0,1,3,,,2010-07-15
597,,,4,5,3.0,4,4,3,4,2010-07-15
598,,,5,5,4.0,4,5,4,4,2010-07-14
599,,,5,5,5.0,5,5,5,5,2010-07-13
600,,,5,4,4.0,4,5,4,5,2010-07-12
601,,,5,5,5.0,5,5,5,5,2010-07-12
602,,,5,5,2.0,4,4,4,4,2010-07-12
603,,,3,4,3.0,2,3,1,3,2010-07-12
604,,,5,5,4.0,5,2,3,4,2010-07-11
605,,,4,5,4.0,4,4,3,5,2010-07-11
606,,,5,5,5.0,5,5,3,5,2010-07-11
607,,,5,5,4.0,5,5,4,5,2010-07-10
608,,,5,5,5.0,5,4,5,4,2010-07-08
609,,,3,4,3.0,3,4,4,3,2010-07-08
610,,,4,5,4.0,3,5,5,5,2010-07-08
611,,,5,5,4.0,4,5,4,4,2010-07-07
612,,,4,4,3.0,3,3,3,3,2010-07-06
613,,,5,3,3.0,4,4,5,3,2010-07-06
614,,,5,5,4.0,5,5,5,4,2010-07-04
615,,,4,4,4.0,4,3,3,4,2010-07-04
616,,,5,5,2.0,1,1,1,2,2010-07-02
617,,,5,4,5.0,4,5,5,4,2010-07-01
618,,,5,5,5.0,5,5,5,5,2010-07-01
619,,,5,5,5.0,4,5,4,5,2010-06-29
620,,,5,5,4.0,4,5,5,5,2010-06-27
621,,,4,5,4.0,5,4,4,5,2010-06-26
622,,,5,5,5.0,5,5,5,5,2010-06-26
623,,,4,4,4.0,4,3,4,4,2010-06-26
624,,,4,5,4.0,4,4,4,5,2010-06-24
625,,,5,5,4.0,3,5,3,5,2010-06-21
626,,,5,5,4.0,3,4,4,5,2010-06-18
627,,,5,5,5.0,4,4,4,5,2010-06-18
628,,,3,5,2.0,2,1,2,2,2010-06-16
629,,,5,1,3.0,3,2,4,1,2010-06-16
630,,,5,5,5.0,5,5,5,5,2010-06-15
631,,,5,5,5.0,5,5,5,4,2010-06-15
632,,,4,4,4.0,4,4,4,4,2010-06-14
633,,,5,4,4.0,5,3,4,4,2010-06-14
634,,,5,5,5.0,5,5,5,5,2010-06-13
635,,,5,5,4.0,5,5,5,5,2010-06-12
636,,,5,5,4.0,5,4,4,5,2010-06-09
637,,,5,4,5.0,5,5,4,5,2010-06-08
638,,,5,5,5.0,5,5,5,5,2010-06-07
639,,,4,4,4.0,4,4,4,4,2010-06-06
640,,,4,4,4.0,4,4,4,4,2010-06-02
641,,,5,5,5.0,5,5,4,5,2010-06-02
642,,,3,5,3.0,3,1,2,2,2010-06-01
643,,,5,4,4.0,4,5,4,4,2010-05-27
644,,,4,4,4.0,4,5,4,4,2010-05-26
645,,,5,4,4.0,5,3,3,4,2010-05-25
646,,,3,4,3.0,1,2,1,3,2010-05-24
647,,,5,5,5.0,5,5,3,5,2010-05-23
648,,,4,4,5.0,5,5,5,4,2010-05-22
649,,,4,1,5.0,3,5,5,5,2010-05-21
650,,,5,5,5.0,4,5,4,5,2010-05-20
651,,,5,5,4.0,4,5,4,5,2010-05-19
652,,,5,5,5.0,5,5,4,5,2010-05-17
653,,,3,5,3.0,3,4,2,3,2010-05-17
654,,,4,5,4.0,5,4,4,5,2010-05-17
655,,,5,5,5.0,5,5,5,5,2010-05-17
656,,,5,4,4.0,5,3,4,4,2010-05-15
657,,,5,5,5.0,5,5,5,5,2010-05-15
658,,,5,5,4.0,5,5,3,4,2010-05-14
659,,,4,5,5.0,4,5,5,5,2010-05-12
660,,,4,5,4.0,4,4,5,5,2010-05-10
661,,,4,5,5.0,5,5,5,5,2010-05-09
662,,,5,3,4.0,5,5,5,5,2010-05-08
663,,,4,4,5.0,4,5,3,3,2010-05-07
664,,,5,5,5.0,5,5,5,5,2010-05-04
665,,,4,5,5.0,4,5,4,5,2010-05-03
666,,,5,5,5.0,4,5,5,,2010-05-02
667,,,5,5,5.0,5,5,4,5,2010-05-01
668,,,5,5,4.0,3,5,3,4,2010-04-28
669,,,5,5,4.0,5,5,5,5,2010-04-28
670,,,5,5,5.0,4,5,5,5,2010-04-27
671,,,,,4.0,,,,,2010-04-26
672,,,4,5,4.0,3,5,3,4,2010-04-26
673,,,,,4.0,,,,,2010-04-25
674,,,4,5,3.0,1,4,1,4,2010-04-22
675,,,3,5,2.0,3,1,3,3,2010-04-22
676,,,4,3,3.0,3,3,2,3,2010-04-22
677,,,4,5,4.0,3,4,4,5,2010-04-21
678,,,4,5,5.0,4,4,4,5,2010-04-21
679,,,5,5,5.0,5,5,4,5,2010-04-20
680,,,5,5,5.0,5,5,5,5,2010-04-19
681,,,5,5,5.0,5,5,4,5,2010-04-19
682,,,2,4,2.0,2,1,1,2,2010-04-19
683,,,4,4,3.0,4,4,1,4,2010-04-18
684,,,5,5,5.0,4,5,5,5,2010-04-17
685,,,5,5,5.0,5,4,5,5,2010-04-17
686,,,4,4,4.0,3,3,1,4,2010-04-16
687,,,5,5,4.0,5,5,3,5,2010-04-16
688,,,5,5,5.0,5,5,5,5,2010-04-15
689,,,3,2,3.0,3,2,2,4,2010-04-14
690,,,5,5,5.0,5,5,5,5,2010-04-14
691,,,4,5,4.0,4,5,1,5,2010-04-14
692,,,5,5,5.0,5,5,5,5,2010-04-13
693,,,5,5,4.0,4,5,4,5,2010-04-13
694,,,5,5,5.0,4,5,5,5,2010-04-13
695,,,5,5,5.0,5,4,5,5,2010-04-12
696,,,5,5,4.0,4,4,3,4,2010-04-11
697,,,3,2,3.0,3,3,2,2,2010-04-10
698,,,1,1,1.0,1,1,1,1,2010-04-10
699,,,,,5.0,,,,,2010-04-09
700,,,5,5,5.0,5,5,5,5,2010-04-07
701,,,5,5,4.0,5,5,3,5,2010-04-07
702,,,5,5,5.0,5,5,5,5,2010-04-07
703,,,5,5,5.0,4,5,4,5,2010-04-07
704,,,5,5,4.0,5,4,4,4,2010-04-06
705,,,4,5,4.0,3,4,4,5,2010-04-06
706,,,4,3,2.0,3,3,1,2,2010-04-05
707,,,,,4.0,,,,,2010-04-05
708,,,4,4,3.0,3,2,2,2,2010-04-04
709,,,4,4,3.0,2,4,2,3,2010-04-04
710,,,5,5,5.0,4,5,4,5,2010-04-04
711,,,4,5,5.0,4,5,5,5,2010-04-03
712,,,,,5.0,,,,,2010-04-02
713,,,4,5,2.0,4,2,3,2,2010-04-01
714,,,5,5,5.0,5,5,5,5,2010-04-01
715,,,5,4,5.0,5,5,5,4,2010-04-01
716,,,2,5,1.0,2,1,2,1,2010-03-29
717,,,4,5,4.0,4,5,4,4,2010-03-28
718,,,5,5,5.0,5,5,5,5,2010-03-28
719,,,4,5,3.0,3,3,3,4,2010-03-28
720,,,5,4,5.0,5,5,5,4,2010-03-26
721,,,1,5,2.0,1,1,2,1,2010-03-26
722,,,5,5,3.0,3,5,2,3,2010-03-26
723,,,1,4,1.0,1,1,1,1,2010-03-25
724,,,5,5,4.0,3,4,3,5,2010-03-25
725,,,4,4,4.0,4,5,4,4,2010-03-24
726,,,1,5,1.0,3,3,2,1,2010-03-23
727,,,4,4,2.0,5,5,1,5,2010-03-23
728,,,5,5,1.0,5,1,1,1,2010-03-22
729,,,5,5,3.0,5,5,2,5,2010-03-22
730,,,5,5,4.0,5,4,5,5,2010-03-21
731,,,5,5,5.0,4,5,5,5,2010-03-21
732,,,5,5,4.0,4,4,5,4,2010-03-21
733,,,3,4,3.0,3,4,3,3,2010-03-21
734,,,5,5,5.0,5,5,5,5,2010-03-20
735,,,5,4,4.0,5,5,2,4,2010-03-20
736,,,5,5,4.0,4,5,5,4,2010-03-19
737,,,5,5,5.0,4,4,5,5,2010-03-17
738,,,5,4,5.0,5,5,5,5,2010-03-17
739,,,4,5,3.0,3,3,3,2,2010-03-16
740,,,5,5,5.0,4,4,4,4,2010-03-16
741,,,5,5,5.0,5,5,5,5,2010-03-15
742,,,5,5,2.0,3,1,4,3,2010-03-14
743,,,5,5,4.0,5,5,3,4,2010-03-13
744,,,5,5,5.0,4,5,4,5,2010-03-12
745,,,5,5,2.0,3,4,,1,2010-03-12
746,,,5,4,4.0,4,5,4,4,2010-03-10
747,,,5,5,5.0,5,5,4,4,2010-03-10
748,,,4,5,4.0,3,4,3,3,2010-03-08
749,,,5,5,5.0,4,5,5,5,2010-03-08
750,,,5,5,5.0,5,5,4,5,2010-03-08
751,,,5,4,4.0,4,3,4,4,2010-03-08
752,,,5,5,4.0,3,5,3,5,2010-03-07
753,,,5,4,5.0,5,5,5,5,2010-03-06
754,,,2,,2.0,1,,,,2010-03-05
755,,,5,5,4.0,5,5,4,5,2010-03-05
756,,,5,5,5.0,5,5,5,5,2010-03-03
757,,,5,5,4.0,5,4,5,4,2010-03-03
758,,,5,4,4.0,4,4,4,4,2010-03-02
759,,,5,4,5.0,4,5,4,5,2010-03-01
760,,,5,3,3.0,3,5,3,3,2010-02-27
761,,,5,5,4.0,5,4,4,4,2010-02-27
762,,,3,5,4.0,3,4,3,4,2010-02-27
763,,,4,4,4.0,4,4,4,4,2010-02-26
764,,,5,4,4.0,5,3,2,4,2010-02-24
765,,,,,5.0,,,,,2010-02-23
766,,,2,3,3.0,2,4,3,2,2010-02-23
767,,,5,5,5.0,5,5,5,5,2010-02-23
768,,,5,3,5.0,5,5,4,5,2010-02-22
769,,,5,3,4.0,3,5,4,4,2010-02-22
770,,,,,5.0,,,,,2010-02-22
771,,,,,4.0,,,,,2010-02-22
772,,,5,5,5.0,5,5,4,5,2010-02-21
773,,,5,3,4.0,5,5,3,3,2010-02-20
774,,,4,4,4.0,4,4,4,4,2010-02-19
775,,,4,5,5.0,4,4,5,5,2010-02-19
776,,,5,5,5.0,5,5,4,5,2010-02-19
777,,,4,5,4.0,3,5,3,5,2010-02-19
778,,,,,4.0,,,,,2010-02-19
779,,,5,3,3.0,4,4,3,3,2010-02-17
780,,,5,5,4.0,4,3,4,4,2010-02-16
781,,,5,2,3.0,3,4,3,3,2010-02-16
782,,,5,5,5.0,5,5,2,5,2010-02-16
783,,,3,5,3.0,4,3,3,4,2010-02-15
784,,,1,1,1.0,1,1,1,1,2010-02-15
785,,,5,5,4.0,4,5,4,5,2010-02-14
786,,,5,4,4.0,5,5,5,5,2010-02-14
787,,,1,,1.0,1,1,,,2010-02-11
788,,,4,5,4.0,4,5,4,5,2010-02-08
789,,,3,3,1.0,2,2,1,1,2010-02-08
790,,,5,5,4.0,4,5,4,4,2010-02-07
791,,,4,5,4.0,3,4,5,4,2010-02-06
792,,,4,3,2.0,4,4,3,2,2010-02-05
793,,,4,3,3.0,4,3,3,3,2010-02-03
794,,,,,3.0,,,,,2010-02-03
795,,,2,1,1.0,3,2,3,1,2010-02-03
796,,,5,3,3.0,3,3,3,2,2010-02-02
797,,,4,3,3.0,4,3,4,3,2010-02-02
798,,,5,5,3.0,5,4,4,5,2010-02-01
799,,,5,3,3.0,3,4,3,2,2010-02-01
800,,,4,4,3.0,4,3,,4,2010-01-31
801,,,4,3,3.0,4,4,,3,2010-01-31
802,,,5,4,5.0,5,5,,5,2010-01-31
803,,,5,5,4.0,4,5,,3,2010-01-31
804,,,3,3,3.0,3,4,,4,2010-01-30
805,,,5,5,4.0,4,2,,3,2010-01-28
806,,,4,5,3.0,3,4,,3,2010-01-28
807,,,5,5,5.0,5,5,,5,2010-01-27
808,,,5,4,4.0,3,4,,4,2010-01-26
809,,,,,4.0,,,,,2010-01-26
810,,,5,5,5.0,5,5,,4,2010-01-26
811,,,4,4,4.0,4,5,,5,2010-01-25
812,,,3,5,2.0,2,4,,2,2010-01-24
813,,,5,5,4.0,5,4,,5,2010-01-23
814,,,5,5,4.0,4,5,,5,2010-01-22
815,,,5,4,3.0,5,3,,3,2010-01-22
816,,,5,5,4.0,5,5,,5,2010-01-21
817,,,4,4,4.0,4,4,,4,2010-01-21
818,,,5,4,5.0,4,5,,5,2010-01-20
819,,,4,4,4.0,4,5,,4,2010-01-19
820,,,4,3,3.0,4,2,,3,2010-01-18
821,,,4,5,4.0,5,4,,5,2010-01-18
822,,,3,4,3.0,3,4,,2,2010-01-17
823,,,3,3,3.0,3,3,,3,2010-01-17
824,,,5,5,5.0,5,5,,5,2010-01-17
825,,,5,5,5.0,5,5,,5,2010-01-16
826,,,5,5,5.0,5,5,,5,2010-01-16
827,,,,,1.0,,,,,2010-01-14
828,,,5,5,5.0,5,5,,5,2010-01-13
829,,,4,3,3.0,3,4,,3,2010-01-13
830,,,5,4,4.0,4,4,,4,2010-01-13
831,,,4,5,5.0,4,5,,4,2010-01-12
832,,,5,5,5.0,5,5,,5,2010-01-12
833,,,4,3,4.0,4,4,,3,2010-01-09
834,,,5,5,5.0,5,5,,5,2010-01-09
835,,,4,5,4.0,4,4,,5,2010-01-08
836,,,5,5,5.0,5,5,,5,2010-01-06
837,,,1,2,1.0,1,1,,2,2010-01-05
838,,,3,3,2.0,3,3,,2,2010-01-05
839,,,4,5,4.0,4,4,,4,2010-01-03
840,,,4,4,5.0,5,5,,5,2009-12-31
841,,,,,4.0,,,,,2009-12-30
842,,,5,5,4.0,3,5,,5,2009-12-28
843,,,4,4,3.0,2,1,,3,2009-12-27
844,,,1,1,1.0,2,2,,1,2009-12-26
845,,,1,1,1.0,1,1,,1,2009-12-26
846,,,4,4,4.0,3,4,,4,2009-12-26
847,,,4,5,4.0,5,5,,4,2009-12-26
848,,,5,5,5.0,5,5,,5,2009-12-24
849,,,4,3,4.0,3,5,,5,2009-12-23
850,,,5,4,5.0,5,5,,5,2009-12-20
851,,,5,5,5.0,5,5,,5,2009-12-18
852,,,3,3,3.0,3,3,,3,2009-12-14
853,,,5,5,4.0,5,5,,4,2009-12-13
854,,,5,5,5.0,5,5,,5,2009-12-10
855,,,5,5,5.0,4,5,,5,2009-12-10
856,,,5,4,5.0,4,5,,5,2009-12-08
857,,,5,4,4.0,4,5,,5,2009-12-07
858,,,2,2,2.0,2,3,,3,2009-12-06
859,,,5,5,5.0,5,5,,5,2009-12-05
860,,,5,5,5.0,5,5,,5,2009-12-02
861,,,3,4,3.0,3,2,,2,2009-12-01
862,,,5,5,4.0,3,5,,4,2009-12-01
863,,,5,4,4.0,5,4,,5,2009-11-30
864,,,5,5,3.0,3,3,,5,2009-11-25
865,,,4,4,3.0,5,4,,3,2009-11-24
866,,,5,5,5.0,5,4,,5,2009-11-22
867,,,5,5,5.0,5,5,,5,2009-11-22
868,,,5,5,5.0,5,5,,5,2009-11-18
869,,,5,4,5.0,5,5,,4,2009-11-17
870,,,5,5,5.0,5,5,,5,2009-11-17
871,,,4,5,4.0,4,4,,4,2009-11-15
872,,,5,5,4.0,5,5,,5,2009-11-11
873,,,5,5,5.0,4,5,,5,2009-11-11
874,,,5,5,5.0,5,5,,5,2009-11-10
875,,,4,5,4.0,3,5,,5,2009-11-09
876,,,5,5,5.0,5,5,,5,2009-11-08
877,,,4,5,5.0,5,5,,5,2009-11-07
878,,,5,5,4.0,5,4,,5,2009-11-06
879,,,5,5,4.0,5,5,,5,2009-11-06
880,,,5,5,4.0,4,4,,5,2009-11-05
881,,,,,4.0,,,,,2009-11-04
882,,,3,5,2.0,3,4,,2,2009-11-02
883,,,5,5,5.0,5,5,,5,2009-11-02
884,,,5,5,5.0,5,5,,5,2009-10-31
885,,,5,5,5.0,5,5,,5,2009-10-31
886,,,4,5,4.0,5,5,,5,2009-10-30
887,,,5,5,5.0,5,5,,5,2009-10-30
888,,,5,5,5.0,5,5,,5,2009-10-25
889,,,5,5,5.0,4,5,,5,2009-10-24
890,,,4,3,2.0,4,2,,1,2009-10-23
891,,,4,5,2.0,2,1,,2,2009-10-22
892,,,5,5,4.0,5,5,,5,2009-10-20
893,,,5,5,5.0,5,4,,5,2009-10-19
894,,,5,4,4.0,3,5,,4,2009-10-18
895,,,5,5,5.0,5,5,,5,2009-10-18
896,,,5,5,5.0,5,5,,5,2009-10-15
897,,,5,5,4.0,4,5,,4,2009-10-14
898,,,5,5,5.0,5,5,,5,2009-10-13
899,,,5,5,4.0,5,5,,5,2009-10-12
900,,,5,5,5.0,3,4,,5,2009-10-09
901,,,5,5,5.0,5,5,,5,2009-10-09
902,,,4,4,4.0,4,4,,4,2009-10-08
903,,,,,5.0,,,,,2009-10-08
904,,,5,4,4.0,3,3,,5,2009-10-08
905,,,3,4,3.0,3,3,,5,2009-10-08
906,,,5,5,5.0,5,5,,5,2009-10-08
907,,,5,5,5.0,5,5,,5,2009-10-08
908,,,5,5,4.0,5,5,,5,2009-10-06
909,,,5,5,5.0,4,5,,,2009-10-05
910,,,5,5,5.0,5,5,,5,2009-10-03
911,,,5,5,5.0,5,5,,5,2009-09-30
912,,,5,5,5.0,5,5,,5,2009-09-23
913,,,4,5,4.0,4,4,,5,2009-09-23
914,,,2,3,2.0,3,1,,1,2009-09-18
915,,,4,5,5.0,4,5,,5,2009-09-14
916,,,4,4,3.0,4,3,,5,2009-09-10
917,,,3,4,3.0,4,3,,3,2009-09-09
918,,,1,2,1.0,1,1,,1,2009-09-08
919,,,5,4,3.0,5,1,,2,2009-09-01
920,,,5,5,5.0,5,5,,5,2009-08-27
921,,,3,4,3.0,3,3,,3,2009-08-26
922,,,2,1,3.0,2,3,,4,2009-08-23
923,,,5,5,5.0,5,5,,5,2009-08-20
924,,,4,5,4.0,4,3,,4,2009-08-20
925,,,5,5,5.0,4,5,,5,2009-08-19
926,,,4,5,4.0,5,5,,5,2009-08-19
927,,,3,4,3.0,3,2,,3,2009-08-18
928,,,4,5,5.0,5,5,,5,2009-08-17
929,,,4,4,3.0,4,5,,4,2009-08-17
930,,,,,4.0,,,,,2009-08-16
931,,,4,5,4.0,4,4,,3,2009-08-14
932,,,3,5,2.0,4,2,,2,2009-08-12
933,,,5,5,5.0,5,5,,5,2009-08-11
934,,,1,1,1.0,1,3,,1,2009-08-11
935,,,5,5,5.0,5,5,,5,2009-08-10
936,,,4,4,4.0,4,4,,4,2009-08-10
937,,,5,5,5.0,5,5,,5,2009-08-09
938,,,3,4,3.0,3,2,,3,2009-08-07
939,,,5,5,4.0,5,5,,5,2009-08-05
940,,,3,3,3.0,3,4,,3,2009-07-31
941,,,5,5,5.0,4,5,,5,2009-07-30
942,,,,,5.0,,,,,2009-07-30
943,,,2,2,1.0,4,1,,1,2009-07-29
944,,,2,3,1.0,1,1,,1,2009-07-26
945,,,5,5,4.0,4,4,,4,2009-07-25
946,,,5,5,5.0,5,5,,5,2009-07-24
947,,,4,4,5.0,5,5,,5,2009-07-24
948,,,,,5.0,,,,,2009-07-23
949,,,4,4,4.0,4,4,,4,2009-07-21
950,,,2,2,1.0,2,,,1,2009-07-21
951,,,5,5,5.0,5,5,,,2009-07-20
952,,,4,5,4.0,4,4,,5,2009-07-17
953,,,,,5.0,,,,,2009-07-17
954,,,5,5,5.0,5,5,,5,2009-07-16
955,,,5,5,5.0,5,5,,4,2009-07-16
956,,,4,5,4.0,3,4,,5,2009-07-15
957,,,5,5,5.0,5,5,,5,2009-07-15
958,,,5,5,4.0,5,5,,5,2009-07-13
959,,,4,4,4.0,5,5,,5,2009-07-13
960,,,,,5.0,,,,,2009-07-13
961,,,5,5,4.0,5,5,,5,2009-07-13
962,,,5,5,5.0,5,5,,5,2009-07-12
963,,,4,3,4.0,4,4,,4,2009-07-12
964,,,5,5,5.0,5,5,,5,2009-07-10
965,,,2,5,3.0,2,3,,4,2009-07-10
966,,,4,5,4.0,5,4,,5,2009-07-10
967,,,4,4,4.0,4,3,,4,2009-07-08
968,,,4,4,4.0,4,5,,5,2009-07-08
969,,,5,5,5.0,5,5,,5,2009-07-07
970,,,3,5,3.0,4,4,,4,2009-07-06
971,,,5,5,5.0,5,5,,5,2009-07-06
972,,,5,5,5.0,4,4,,5,2009-07-04
973,,,4,4,3.0,4,1,,4,2009-07-03
974,,,4,5,4.0,3,4,,5,2009-07-02
975,,,5,5,5.0,5,5,,5,2009-07-02
976,,,5,5,5.0,5,5,,5,2009-06-27
977,,,1,3,1.0,1,1,,1,2009-06-27
978,,,2,3,1.0,2,2,,1,2009-06-27
979,,,5,4,5.0,5,5,,5,2009-06-26
980,,,1,1,1.0,1,1,,1,2009-06-26
981,,,5,5,5.0,5,5,,5,2009-06-25
982,,,5,5,5.0,5,3,,5,2009-06-24
983,,,5,5,5.0,5,5,,5,2009-06-23
984,,,5,4,5.0,5,5,,4,2009-06-22
985,,,5,5,5.0,5,5,,5,2009-06-21
986,,,5,2,3.0,5,4,,3,2009-06-20
987,,,5,4,5.0,5,5,,5,2009-06-18
988,,,5,5,5.0,4,5,,5,2009-06-16
989,,,4,5,4.0,4,5,,5,2009-06-15
990,,,5,4,5.0,5,5,,5,2009-06-15
991,,,5,5,5.0,5,5,,5,2009-06-14
992,,,5,5,5.0,5,5,,5,2009-06-11
993,,,5,5,5.0,5,5,,5,2009-06-09
994,,,5,5,5.0,5,5,,5,2009-06-09
995,,,4,5,5.0,4,5,,5,2009-06-08
996,,,2,4,2.0,2,1,,2,2009-06-06
997,,,3,5,3.0,4,2,,5,2009-06-03
998,,,4,4,4.0,4,3,,3,2009-06-03
999,,,4,5,4.0,4,5,,5,2009-06-01
1000,,,5,5,5.0,5,5,,5,2009-05-29
1001,,,5,5,4.0,4,4,,5,2009-05-28
1002,,,5,4,4.0,4,4,,5,2009-05-26
1003,,,3,5,3.0,2,5,,1,2009-05-26
1004,,,5,5,5.0,5,5,,5,2009-05-22
1005,,,5,5,3.0,2,2,,4,2009-05-20
1006,,,5,4,4.0,4,5,,4,2009-05-18
1007,,,5,5,5.0,5,5,,5,2009-05-18
1008,,,5,5,5.0,5,5,,,2009-05-13
1009,,,4,3,3.0,4,2,,2,2009-05-12
1010,,,4,5,4.0,5,5,,5,2009-05-11
1011,,,5,5,5.0,5,5,,5,2009-05-07
1012,,,5,5,5.0,4,5,,5,2009-05-05
1013,,,5,4,5.0,4,5,,5,2009-05-04
1014,,,4,3,3.0,3,4,,3,2009-05-04
1015,,,5,5,5.0,5,5,,5,2009-05-03
1016,,,5,3,3.0,3,4,,3,2009-05-02
1017,,,5,5,5.0,4,5,,5,2009-05-01
1018,,,,,4.0,,,,,2009-05-01
1019,,,5,5,5.0,5,5,,5,2009-04-30
1020,,,4,5,5.0,4,5,,4,2009-04-28
1021,,,5,5,5.0,5,5,,5,2009-04-27
1022,,,5,5,5.0,5,5,,4,2009-04-26
1023,,,5,5,4.0,3,5,,5,2009-04-26
1024,,,4,5,4.0,5,3,,5,2009-04-23
1025,,,4,5,3.0,4,4,,3,2009-04-22
1026,,,1,1,5.0,1,1,,1,2009-04-22
1027,,,3,4,1.0,1,1,,1,2009-04-21
1028,,,3,3,2.0,1,3,,2,2009-04-20
1029,,,2,2,1.0,2,1,,2,2009-04-20
1030,,,4,4,4.0,4,4,,4,2009-04-19
1031,,,5,5,5.0,5,5,,4,2009-04-19
1032,,,5,5,5.0,5,5,,5,2009-04-18
1033,,,4,4,3.0,3,5,,4,2009-04-18
1034,,,3,4,3.0,1,2,,2,2009-04-18
1035,,,5,5,5.0,5,5,,5,2009-04-17
1036,,,4,4,4.0,5,4,,5,2009-04-15
1037,,,4,5,4.0,4,5,,5,2009-04-14
1038,,,5,4,4.0,5,3,,5,2009-04-14
1039,,,5,5,5.0,5,5,,5,2009-04-14
1040,,,5,5,5.0,5,4,,5,2009-04-10
1041,,,4,4,4.0,4,4,,4,2009-04-07
1042,,,5,4,5.0,5,5,,5,2009-04-07
1043,,,3,5,4.0,3,5,,5,2009-04-06
1044,,,4,4,4.0,4,5,,5,2009-03-31
1045,,,4,5,3.0,3,4,,3,2009-03-31
1046,,,4,3,4.0,4,4,,3,2009-03-30
1047,,,3,5,3.0,4,3,,3,2009-03-30
1048,,,5,5,5.0,5,5,,4,2009-03-29
1049,,,5,4,4.0,5,5,,4,2009-03-29
1050,,,5,5,5.0,4,5,,4,2009-03-28
1051,,,2,2,1.0,4,1,,1,2009-03-26
1052,,,,,3.0,,,,,2009-03-20
1053,,,2,3,1.0,1,1,,2,2009-03-20
1054,,,4,5,5.0,4,3,,5,2009-03-19
1055,,,5,5,5.0,5,5,,5,2009-03-18
1056,,,5,5,5.0,5,4,,5,2009-03-17
1057,,,5,5,4.0,5,4,,5,2009-03-16
1058,,,5,5,5.0,5,5,,5,2009-03-16
1059,,,,,5.0,,,,,2009-03-16
1060,,,5,5,5.0,5,5,,5,2009-03-16
1061,,,5,4,4.0,5,4,,4,2009-03-15
1062,,,,,5.0,,,,,2009-03-14
1063,,,5,5,3.0,3,4,,5,2009-03-13
1064,,,5,5,5.0,5,5,,5,2009-03-11
1065,,,5,5,5.0,5,5,,5,2009-03-11
1066,,,4,4,4.0,4,4,,4,2009-03-10
1067,,,5,5,4.0,4,5,,5,2009-03-09
1068,,,3,5,2.0,1,3,,3,2009-03-09
1069,,,4,4,4.0,4,4,,4,2009-03-09
1070,,,5,4,4.0,3,5,,5,2009-03-09
1071,,,4,4,4.0,3,4,,4,2009-03-09
1072,,,4,4,4.0,4,3,,4,2009-03-08
1073,,,4,5,4.0,4,4,,4,2009-03-07
1074,,,4,5,5.0,5,5,,5,2009-03-07
1075,,,4,4,4.0,3,4,,4,2009-03-07
1076,,,5,5,5.0,5,5,,5,2009-03-06
1077,,,5,5,5.0,4,5,,5,2009-03-06
1078,,,5,3,5.0,5,5,,4,2009-03-06
1079,,,3,3,3.0,2,2,,3,2009-03-04
1080,,,4,3,3.0,3,4,,3,2009-03-03
1081,4,5,4,5,5.0,4,4,,4,2009-03-02
1082,,,4,5,4.0,3,4,,4,2009-03-02
1083,,,4,5,4.0,4,4,,5,2009-03-02
1084,,,5,4,4.0,3,4,,3,2009-03-01
1085,,,5,5,5.0,5,5,,5,2009-03-01
1086,,,,,2.0,,,,,2009-03-01
1087,,,5,4,5.0,5,5,,5,2009-02-28
1088,,,3,4,3.0,4,3,,3,2009-02-28
1089,,,5,5,5.0,5,5,,4,2009-02-27
1090,,,3,1,1.0,1,1,,1,2009-02-27
1091,,,5,5,4.0,4,4,,5,2009-02-26
1092,,,5,5,5.0,5,5,,5,2009-02-25
1093,,,5,5,5.0,4,5,,5,2009-02-25
1094,,,5,5,5.0,5,5,,5,2009-02-24
1095,,,5,5,5.0,5,5,,5,2009-02-24
1096,,,5,5,5.0,5,5,,5,2009-02-22
1097,,,5,4,5.0,5,4,,4,2009-02-21
1098,,,3,3,2.0,2,1,,2,2009-02-20
1099,,,,,1.0,,,,,2009-02-20
1100,,,3,4,3.0,2,4,,2,2009-02-19
1101,,,1,3,1.0,1,1,,1,2009-02-19
1102,,,5,5,5.0,5,5,,5,2009-02-18
1103,,,5,5,4.0,5,4,,5,2009-02-18
1104,,,,,2.0,,,,,2009-02-16
1105,3,5,5,5,5.0,5,4,,4,2009-02-16
1106,,5,5,5,4.0,3,5,,5,2009-02-16
1107,,,5,5,5.0,5,5,,5,2009-02-15
1108,5,1,5,5,5.0,5,5,,5,2009-02-12
1109,,5,4,5,5.0,4,4,,5,2009-02-11
1110,3,3,5,5,4.0,4,4,,4,2009-02-10
1111,,,5,4,4.0,5,4,,4,2009-02-10
1112,,,5,5,5.0,5,5,,5,2009-02-10
1113,5,5,5,5,4.0,5,5,,5,2009-02-08
1114,3,3,4,3,4.0,2,3,,4,2009-02-08
1115,3,5,4,4,4.0,5,4,,5,2009-02-07
1116,,3,5,5,5.0,3,5,,5,2009-02-04
1117,,5,4,4,4.0,4,4,,4,2009-02-04
1118,,,,,4.0,,,,,2009-02-04
1119,,,,,4.0,,,,,2009-02-03
1120,3,5,4,4,3.0,4,3,,4,2009-02-03
1121,4,4,4,4,2.0,4,4,,2,2009-01-31
1122,4,5,5,5,4.0,4,5,,4,2009-01-31
1123,,,,,4.0,,,,,2009-01-30
1124,3,3,4,5,4.0,5,3,,5,2009-01-30
1125,,3,4,5,3.0,5,2,,2,2009-01-30
1126,5,5,5,5,4.0,4,4,,4,2009-01-30
1127,,1,4,3,2.0,2,2,,2,2009-01-29
1128,2,2,4,3,3.0,4,4,,3,2009-01-27
1129,4,3,5,5,5.0,4,4,,4,2009-01-27
1130,3,3,5,5,4.0,4,5,,4,2009-01-25
1131,4,4,5,4,4.0,5,5,,5,2009-01-25
1132,2,2,5,4,4.0,5,4,,4,2009-01-24
1133,3,5,5,5,5.0,5,5,,5,2009-01-24
1134,3,1,4,4,2.0,3,1,,2,2009-01-23
1135,3,5,5,5,5.0,4,5,,5,2009-01-23
1136,,5,5,5,5.0,5,5,,5,2009-01-22
1137,,2,5,5,4.0,5,4,,4,2009-01-21
1138,,,,,1.0,,,,,2009-01-20
1139,,,,,1.0,,,,1,2009-01-19
1140,3,4,3,3,3.0,4,3,,2,2009-01-18
1141,1,4,3,4,3.0,4,2,,4,2009-01-17
1142,4,5,5,5,5.0,5,5,,5,2009-01-17
1143,5,5,5,5,5.0,5,5,,5,2009-01-15
1144,3,5,4,4,5.0,4,4,,5,2009-01-12
1145,,5,5,5,4.0,5,5,,4,2009-01-10
1146,,4,3,4,4.0,1,4,,4,2009-01-08
1147,,2,3,3,2.0,2,3,,4,2009-01-07
1148,3,3,4,4,4.0,4,4,,3,2009-01-04
1149,1,2,3,1,1.0,2,1,,1,2009-01-03
1150,2,4,4,4,3.0,3,4,,,2009-01-02
1151,3,3,4,4,4.0,3,4,,4,2008-12-30
1152,,5,5,,5.0,5,5,,5,2008-12-29
1153,3,4,4,5,4.0,4,4,,4,2008-12-29
1154,,1,4,4,3.0,3,3,,3,2008-12-29
1155,4,2,4,5,4.0,3,4,,4,2008-12-29
1156,5,5,5,5,5.0,5,5,,5,2008-12-26
1157,,,,,1.0,,,,,2008-12-25
1158,,2,5,5,4.0,4,5,,4,2008-12-24
1159,4,4,5,5,4.0,5,4,,4,2008-12-21
1160,4,5,5,5,5.0,5,5,,5,2008-12-20
1161,,5,5,5,5.0,5,5,,5,2008-12-20
1162,,2,4,4,4.0,4,4,,4,2008-12-18
1163,4,5,5,4,5.0,5,5,,5,2008-12-18
1164,,1,2,4,1.0,1,1,,3,2008-12-12
1165,5,5,5,5,5.0,5,5,,5,2008-12-10
1166,,,,,4.0,,,,,2008-12-09
1167,,5,5,5,4.0,4,5,,5,2008-12-07
1168,2,4,4,3,4.0,4,4,,3,2008-12-06
1169,1,5,5,5,4.0,3,4,,5,2008-12-05
1170,3,2,5,5,5.0,5,5,,5,2008-12-05
1171,,4,5,3,5.0,4,5,,5,2008-12-03
1172,5,1,5,5,5.0,5,5,,5,2008-12-02
1173,4,5,5,4,4.0,5,5,,5,2008-12-01
1174,3,5,5,4,4.0,5,5,,5,2008-12-01
1175,5,3,5,5,5.0,4,5,,5,2008-11-30
1176,3,5,5,3,5.0,4,5,,,2008-11-29
1177,,4,5,4,4.0,4,4,,4,2008-11-29
1178,4,2,4,4,4.0,4,5,,5,2008-11-29
1179,,5,5,5,5.0,5,5,,5,2008-11-25
1180,4,4,5,4,4.0,5,4,,4,2008-11-23
1181,4,5,5,5,5.0,4,4,,5,2008-11-21
1182,3,4,4,5,4.0,3,4,,5,2008-11-19
1183,,,,,5.0,,,,,2008-11-19
1184,,3,3,2,3.0,2,3,,3,2008-11-19
1185,,5,5,5,5.0,5,5,,5,2008-11-18
1186,3,2,4,4,3.0,5,3,,3,2008-11-17
1187,,5,5,4,4.0,5,5,,5,2008-11-17
1188,2,4,5,3,2.0,4,5,,2,2008-11-16
1189,,2,5,3,5.0,4,5,,5,2008-11-15
1190,1,3,5,5,4.0,3,5,,4,2008-11-15
1191,,,,,5.0,,,,,2008-11-14
1192,1,1,3,2,2.0,4,3,,2,2008-11-12
1193,4,4,5,5,5.0,4,5,,5,2008-11-12
1194,3,3,4,4,3.0,4,3,,3,2008-11-11
1195,5,5,5,5,5.0,4,5,,4,2008-11-11
1196,3,3,4,4,4.0,3,4,,4,2008-11-09
1197,4,5,5,5,5.0,5,4,,5,2008-11-09
1198,5,5,5,5,5.0,4,5,,5,2008-11-05
1199,,2,2,3,1.0,2,1,,1,2008-11-02
1200,3,5,5,4,5.0,5,5,,5,2008-10-29
1201,,5,5,5,5.0,5,5,,5,2008-10-28
1202,,1,4,2,2.0,3,4,,,2008-10-27
1203,,4,5,5,5.0,5,5,,5,2008-10-27
1204,,,,,3.0,,,,,2008-10-25
1205,4,4,5,4,5.0,5,4,,5,2008-10-24
1206,5,5,5,5,4.0,5,4,,5,2008-10-23
1207,,4,4,5,4.0,4,4,,5,2008-10-21
1208,3,3,3,4,3.0,3,3,,3,2008-10-20
1209,3,5,5,5,5.0,5,4,,,2008-10-11
1210,5,5,5,5,5.0,5,5,,5,2008-10-10
1211,4,4,5,4,4.0,4,4,,4,2008-10-08
1212,1,1,1,3,1.0,2,1,,1,2008-10-07
1213,,5,3,5,5.0,5,4,,4,2008-09-28
1214,,5,5,5,5.0,5,5,,5,2008-09-28
1215,3,5,5,4,4.0,5,4,,5,2008-09-26
1216,5,4,5,5,5.0,4,4,,4,2008-09-24
1217,,5,5,5,5.0,4,5,,5,2008-09-23
1218,,5,5,5,5.0,5,5,,5,2008-09-22
1219,5,4,5,5,5.0,5,5,,4,2008-09-22
1220,,4,5,4,4.0,5,4,,4,2008-09-17
1221,3,3,4,4,4.0,4,3,,4,2008-09-13
1222,,4,1,3,2.0,2,2,,2,2008-09-12
1223,5,5,5,5,4.0,5,5,,4,2008-09-12
1224,4,3,3,4,4.0,3,3,,4,2008-09-10
1225,,3,4,4,4.0,4,4,,5,2008-09-04
1226,,5,4,5,4.0,4,4,,5,2008-09-01
1227,,4,4,4,4.0,4,4,,4,2008-08-30
1228,,5,4,5,5.0,4,5,,5,2008-08-28
1229,,5,5,5,5.0,5,5,,5,2008-08-28
1230,4,5,4,4,4.0,5,4,,4,2008-08-28
1231,,5,5,5,5.0,4,5,,5,2008-08-27
1232,,3,4,4,4.0,4,3,,4,2008-08-26
1233,,,,,4.0,,,,,2008-08-25
1234,1,1,3,3,2.0,2,1,,3,2008-08-25
1235,4,4,5,5,4.0,5,4,,5,2008-08-25
1236,,3,4,4,2.0,3,4,,2,2008-08-22
1237,3,4,4,4,2.0,4,4,,3,2008-08-21
1238,2,5,5,4,3.0,5,4,,4,2008-08-19
1239,3,3,2,5,3.0,4,5,,3,2008-08-16
1240,3,1,5,5,4.0,5,5,,4,2008-08-15
1241,,5,5,5,5.0,5,5,,5,2008-08-14
1242,,2,5,5,4.0,5,4,,5,2008-08-13
1243,5,2,5,5,5.0,5,5,,5,2008-08-11
1244,,3,5,5,4.0,4,4,,5,2008-08-11
1245,,4,4,4,2.0,4,4,,4,2008-08-10
1246,3,4,4,4,3.0,4,2,,3,2008-08-09
1247,3,5,5,5,5.0,5,5,,5,2008-08-08
1248,2,1,2,2,2.0,2,2,,2,2008-08-08
1249,,1,4,4,2.0,3,1,,2,2008-08-07
1250,,3,3,3,2.0,1,2,,2,2008-08-06
1251,2,1,2,5,2.0,4,2,,3,2008-08-05
1252,3,3,5,5,3.0,5,5,,2,2008-08-05
1253,,5,5,5,5.0,5,4,,5,2008-08-05
1254,4,3,5,5,5.0,4,5,,5,2008-08-03
1255,4,3,4,4,4.0,5,3,,2,2008-08-03
1256,4,5,5,5,5.0,5,4,,5,2008-08-01
1257,5,5,5,5,5.0,5,5,,5,2008-07-31
1258,,1,4,3,2.0,4,1,,,2008-07-29
1259,,3,4,4,3.0,2,1,,3,2008-07-27
1260,,3,2,4,2.0,1,3,,3,2008-07-26
1261,,2,4,5,5.0,5,5,,4,2008-07-25
1262,5,4,5,5,5.0,4,5,,5,2008-07-25
1263,,2,5,4,4.0,5,5,,4,2008-07-23
1264,,3,2,1,2.0,1,1,,2,2008-07-22
1265,,4,4,5,4.0,5,3,,5,2008-07-21
1266,,2,5,1,2.0,4,5,,2,2008-07-19
1267,2,5,3,4,2.0,4,2,,2,2008-07-19
1268,,2,4,5,5.0,2,5,,2,2008-07-18
1269,2,5,5,5,4.0,5,5,,4,2008-07-17
1270,,,,,3.0,,,,,2008-07-16
1271,,5,5,5,4.0,4,4,,5,2008-07-16
1272,,2,4,5,2.0,5,3,,3,2008-07-12
1273,3,5,4,4,4.0,4,4,,4,2008-07-12
1274,2,4,3,3,4.0,3,3,,3,2008-07-11
1275,,4,4,4,4.0,4,4,,3,2008-07-11
1276,3,2,4,5,4.0,4,5,,4,2008-07-09
1277,,4,4,5,4.0,5,4,,5,2008-07-09
1278,,1,5,4,4.0,5,4,,5,2008-07-08
1279,4,4,4,5,5.0,4,5,,5,2008-07-08
1280,3,3,3,4,3.0,2,2,,3,2008-07-06
1281,2,4,4,3,2.0,3,4,,2,2008-07-04
1282,,4,5,4,4.0,5,5,,4,2008-07-03
1283,2,1,5,5,3.0,5,4,,3,2008-06-30
1284,5,5,5,5,5.0,4,5,,5,2008-06-30
1285,,5,5,5,5.0,5,5,,5,2008-06-29
1286,3,3,3,4,2.0,,1,,2,2008-06-29
1287,,5,4,4,5.0,4,4,,5,2008-06-28
1288,4,5,5,5,5.0,5,5,,5,2008-06-28
1289,,5,4,5,4.0,4,5,,5,2008-06-27
1290,3,5,4,5,4.0,5,5,,4,2008-06-27
1291,2,5,5,5,4.0,4,4,,4,2008-06-27
1292,4,5,5,4,5.0,5,3,,5,2008-06-26
1293,,3,5,4,4.0,3,5,,5,2008-06-26
1294,,5,5,5,5.0,5,5,,5,2008-06-22
1295,,5,4,5,4.0,4,4,,4,2008-06-22
1296,,5,,5,5.0,5,5,,5,2008-06-21
1297,,5,5,4,5.0,4,5,,5,2008-06-20
1298,,,,,5.0,,,,,2008-06-19
1299,,5,4,5,4.0,3,4,,4,2008-06-19
1300,,3,4,5,4.0,4,5,,4,2008-06-19
1301,,,,,5.0,,,,,2008-06-18
1302,,4,4,5,4.0,4,3,,4,2008-06-18
1303,,4,5,4,5.0,5,5,,5,2008-06-17
1304,,5,5,4,5.0,4,5,,5,2008-06-16
1305,4,5,4,4,5.0,4,5,,5,2008-06-15
1306,4,5,5,4,5.0,4,5,,5,2008-06-15
1307,,5,5,5,5.0,5,5,,5,2008-06-15
1308,3,5,4,4,3.0,3,4,,4,2008-06-13
1309,,5,2,5,4.0,3,4,,3,2008-06-12
1310,3,4,5,5,5.0,5,5,,5,2008-06-11
1311,,3,3,3,2.0,2,3,,2,2008-06-11
1312,4,5,5,4,5.0,5,5,,5,2008-06-10
1313,,4,5,5,4.0,5,5,,4,2008-06-09
1314,,,,,4.0,,,,,2008-06-09
1315,4,2,5,5,2.0,5,2,,2,2008-06-09
1316,,1,3,4,1.0,3,2,,1,2008-06-08
1317,4,5,5,5,4.0,4,4,,4,2008-06-05
1318,5,5,5,5,5.0,5,5,,5,2008-06-04
1319,5,4,5,5,5.0,3,5,,5,2008-06-04
1320,3,4,5,5,5.0,5,4,,5,2008-06-02
1321,,4,5,5,4.0,5,4,,5,2008-06-02
1322,,4,4,5,5.0,4,5,,5,2008-06-01
1323,4,5,5,5,5.0,5,5,,5,2008-05-31
1324,,5,5,5,5.0,5,5,,5,2008-05-29
1325,3,4,5,4,5.0,4,5,,4,2008-05-26
1326,3,4,5,4,4.0,4,5,,5,2008-05-25
1327,,3,5,4,5.0,4,4,,5,2008-05-24
1328,3,4,5,5,5.0,4,5,,4,2008-05-23
1329,3,5,5,5,5.0,5,5,,5,2008-05-22
1330,3,4,5,5,5.0,4,5,,5,2008-05-21
1331,3,4,5,5,5.0,5,5,,4,2008-05-20
1332,3,1,2,4,2.0,4,2,,2,2008-05-18
1333,4,3,4,5,4.0,4,5,,4,2008-05-18
1334,4,5,5,3,3.0,4,4,,4,2008-05-18
1335,,4,4,5,5.0,5,5,,4,2008-05-16
1336,3,5,5,5,5.0,5,5,,5,2008-05-15
1337,3,5,5,5,4.0,5,5,,5,2008-05-15
1338,,5,5,5,5.0,5,5,,5,2008-05-15
1339,,1,1,1,2.0,2,1,,2,2008-05-12
1340,,,,,5.0,,,,,2008-05-08
1341,,5,5,5,5.0,4,5,,5,2008-05-07
1342,4,4,4,4,4.0,4,4,,4,2008-05-05
1343,,4,5,4,4.0,5,3,,4,2008-05-03
1344,4,5,5,5,5.0,4,5,,4,2008-05-02
1345,3,5,4,5,4.0,4,4,,5,2008-04-30
1346,,5,5,5,5.0,4,5,,5,2008-04-30
1347,,,,,2.0,,,,,2008-04-30
1348,4,4,5,3,4.0,3,5,,4,2008-04-29
1349,,,,,3.0,,,,,2008-04-29
1350,3,5,4,5,5.0,4,4,,4,2008-04-28
1351,,4,4,4,4.0,5,4,,5,2008-04-27
1352,,4,5,5,5.0,3,5,,5,2008-04-24
1353,2,4,4,5,3.0,3,4,,3,2008-04-24
1354,,5,5,5,5.0,4,4,,4,2008-04-22
1355,3,3,3,4,3.0,3,3,,3,2008-04-21
1356,4,5,5,5,4.0,4,4,,5,2008-04-19
1357,,5,5,5,5.0,5,5,,5,2008-04-19
1358,4,3,4,3,4.0,4,4,,4,2008-04-17
1359,,,,,5.0,,,,,2008-04-16
1360,5,5,5,5,5.0,5,5,,5,2008-04-14
1361,,4,5,5,5.0,4,5,,5,2008-04-14
1362,,5,5,5,5.0,5,5,,5,2008-04-14
1363,,3,4,4,4.0,3,4,,3,2008-04-13
1364,4,5,4,5,5.0,5,5,,5,2008-04-12
1365,,5,5,4,3.0,4,5,,3,2008-04-12
1366,,4,4,4,4.0,4,4,,4,2008-04-11
1367,3,2,4,4,3.0,3,4,,4,2008-04-11
1368,4,5,5,5,5.0,5,5,,5,2008-04-08
1369,,4,4,4,5.0,5,4,,4,2008-04-08
1370,,3,5,4,4.0,4,5,,4,2008-04-07
1371,2,4,3,4,3.0,5,3,,3,2008-04-04
1372,1,5,5,5,5.0,5,5,,4,2008-04-01
1373,2,1,2,2,1.0,1,3,,1,2008-04-01
1374,4,4,5,5,4.0,5,5,,4,2008-03-30
1375,,4,5,5,4.0,5,5,,3,2008-03-30
1376,,3,3,3,2.0,3,2,,2,2008-03-30
1377,,5,5,5,5.0,5,5,,5,2008-03-30
1378,,,,,5.0,,,,,2008-03-29
1379,,,,,4.0,,,,,2008-03-28
1380,,,,,5.0,,,,,2008-03-27
1381,3,4,5,5,5.0,4,5,,5,2008-03-27
1382,,5,5,5,5.0,4,5,,5,2008-03-27
1383,3,3,5,5,5.0,4,5,,5,2008-03-26
1384,4,4,5,5,5.0,5,5,,5,2008-03-25
1385,,1,4,4,4.0,4,3,,4,2008-03-24
1386,,3,5,5,4.0,5,4,,3,2008-03-24
1387,5,4,5,5,5.0,4,5,,5,2008-03-23
1388,,,,,4.0,,,,,2008-03-22
1389,,1,4,4,1.0,1,3,,2,2008-03-21
1390,4,4,4,4,4.0,4,4,,4,2008-03-20
1391,3,5,5,5,5.0,4,5,,3,2008-03-20
1392,5,4,5,5,4.0,5,5,,5,2008-03-16
1393,,4,4,5,4.0,3,4,,4,2008-03-16
1394,5,5,5,4,5.0,4,5,,5,2008-03-15
1395,,,,,3.0,,,,,2008-03-15
1396,,4,5,4,4.0,3,5,,4,2008-03-10
1397,,4,4,5,4.0,5,4,,4,2008-03-09
1398,3,3,4,5,4.0,4,4,,5,2008-03-07
1399,3,2,3,3,3.0,3,4,,3,2008-03-04
1400,3,3,4,4,4.0,5,4,,4,2008-03-03
1401,3,2,3,4,2.0,3,4,,2,2008-03-03
1402,3,4,5,5,5.0,4,5,,5,2008-03-02
1403,,,,,5.0,,,,,2008-03-02
1404,,5,5,5,5.0,5,5,,5,2008-02-28
1405,,5,5,5,4.0,5,5,,4,2008-02-28
1406,,,,,5.0,,,,,2008-02-28
1407,,3,4,4,4.0,4,5,,5,2008-02-27
1408,,4,5,4,4.0,4,4,,4,2008-02-27
1409,,5,4,4,3.0,3,4,,4,2008-02-26
1410,,3,4,5,4.0,4,3,,4,2008-02-24
1411,,1,2,3,2.0,3,3,,2,2008-02-24
1412,,5,4,5,4.0,4,4,,4,2008-02-22
1413,4,5,5,5,4.0,5,5,,4,2008-02-21
1414,,2,5,5,5.0,5,4,,5,2008-02-21
1415,4,2,5,5,5.0,5,5,,5,2008-02-19
1416,2,2,4,4,3.0,4,3,,3,2008-02-19
1417,,,,,2.0,,,,,2008-02-13
1418,,4,4,5,5.0,4,4,,4,2008-02-13
1419,,3,,4,1.0,,,,1,2008-02-12
1420,3,5,5,5,4.0,3,5,,3,2008-02-11
1421,3,5,4,5,4.0,3,5,,4,2008-02-09
1422,4,5,5,5,4.0,4,5,,4,2008-02-08
1423,,4,3,3,4.0,3,4,,4,2008-02-08
1424,4,3,3,4,4.0,4,4,,3,2008-02-05
1425,2,4,3,4,4.0,3,4,,4,2008-02-05
1426,5,3,5,5,4.0,4,5,,4,2008-02-04
1427,,5,3,3,3.0,3,5,,3,2008-02-01
1428,,3,3,4,4.0,3,5,,4,2008-01-31
1429,5,4,5,5,5.0,4,5,,5,2008-01-29
1430,,4,5,3,3.0,3,4,,3,2008-01-29
1431,,5,5,5,5.0,5,5,,5,2008-01-29
1432,5,4,5,5,4.0,4,5,,3,2008-01-26
1433,3,2,4,4,4.0,4,4,,,2008-01-25
1434,3,4,4,5,5.0,3,4,,,2008-01-25
1435,,,,,4.0,,,,,2008-01-24
1436,,,,,4.0,,,,,2008-01-23
1437,,4,4,4,2.0,3,5,,3,2008-01-20
1438,5,3,4,5,5.0,4,4,,3,2008-01-18
1439,,5,5,5,5.0,5,5,,5,2008-01-18
1440,,5,5,5,5.0,3,5,,5,2008-01-17
1441,,4,5,5,5.0,4,5,,5,2008-01-15
1442,3,2,5,5,4.0,4,4,,4,2008-01-14
1443,3,3,3,5,3.0,2,3,,3,2008-01-13
1444,5,,5,5,5.0,5,5,,5,2008-01-09
1445,3,2,3,3,1.0,1,5,,1,2008-01-08
1446,,,,,5.0,,,,,2008-01-04
1447,,4,4,5,3.0,3,4,,3,2008-01-03
1448,,3,5,5,4.0,2,3,,4,2007-12-24
1449,4,5,5,4,5.0,4,5,,5,2007-12-22
1450,3,5,4,5,4.0,4,5,,4,2007-12-18
1451,,5,5,5,5.0,4,5,,5,2007-09-21
1452,,2,5,5,5.0,3,5,,4,2007-09-01
1453,,,,,5.0,,,,,2007-08-24
1454,3,3,4,4,4.0,4,4,,4,2007-08-24
1455,,5,5,5,4.0,4,5,,5,2007-08-23
1456,,5,5,5,5.0,3,5,,5,2007-08-18
1457,5,5,5,5,4.0,4,5,,4,2007-08-13
1458,,,,,5.0,,,,,2007-08-08
1459,3,3,4,2,4.0,3,4,,4,2007-08-07
1460,4,5,4,5,3.0,2,1,,4,2007-08-02
1461,,5,5,5,5.0,4,5,,4,2007-08-01
1462,3,5,4,5,4.0,3,5,,4,2007-07-30
1463,3,5,5,5,5.0,3,5,,5,2007-07-30
1464,3,4,4,5,3.0,4,3,,3,2007-07-27
1465,,,,,4.0,,,,,2007-07-27
1466,,3,4,4,4.0,3,3,,5,2007-07-23
1467,,5,4,5,4.0,4,3,,4,2007-07-20
1468,4,5,5,5,5.0,4,5,,5,2007-07-11
1469,4,4,4,4,2.0,2,2,,2,2007-07-10
1470,,5,1,5,3.0,2,,,3,2007-07-10
1471,5,4,4,5,3.0,2,4,,5,2007-07-09
1472,,4,5,4,4.0,4,5,,5,2007-07-07
1473,,4,5,4,5.0,4,5,,5,2007-07-05
1474,3,2,3,5,4.0,3,3,,5,2007-07-05
1475,,4,4,5,5.0,3,5,,4,2007-07-02
1476,,5,5,5,5.0,5,5,,5,2007-06-27
1477,,3,3,4,4.0,2,2,,3,2007-06-25
1478,,5,5,5,5.0,4,5,,5,2007-06-23
1479,2,5,5,5,4.0,2,5,,5,2007-06-19
1480,,5,5,5,5.0,3,5,,5,2007-06-18
1481,,3,3,3,1.0,2,1,,2,2007-06-17
1482,,4,5,5,5.0,4,5,,5,2007-06-16
1483,3,4,5,5,5.0,4,5,,5,2007-06-16
1484,5,5,5,5,5.0,4,5,,5,2007-06-12
1485,4,4,5,5,5.0,4,5,,4,2007-06-11
1486,,,,,3.0,,,,,2007-06-06
1487,4,3,4,5,4.0,3,3,,4,2007-06-05
1488,5,5,5,4,5.0,4,5,,4,2007-06-04
1489,,3,2,4,2.0,3,2,,2,2007-06-03
1490,,3,2,3,3.0,2,2,,3,2007-06-02
1491,,5,5,5,4.0,4,5,,4,2007-05-29
1492,4,5,5,5,5.0,4,4,,5,2007-05-29
1493,,5,4,5,4.0,4,4,,4,2007-05-29
1494,,3,4,4,4.0,3,4,,5,2007-05-27
1495,,5,4,5,4.0,3,5,,5,2007-05-25
1496,,3,3,4,4.0,3,4,,4,2007-05-24
1497,1,5,4,5,4.0,3,5,,4,2007-05-21
1498,4,4,4,5,4.0,3,5,,4,2007-05-21
1499,,4,4,4,4.0,3,5,,4,2007-05-16
1500,,5,4,5,4.0,4,5,,5,2007-05-13
1501,,5,5,5,4.0,3,4,,,2007-05-12
1502,,4,4,5,4.0,4,4,,5,2007-05-11
1503,3,4,5,5,5.0,5,5,,5,2007-05-11
1504,1,3,3,4,2.0,3,2,,3,2007-05-10
1505,4,4,5,5,4.0,4,4,,,2007-05-09
1506,3,3,4,3,3.0,3,4,,3,2007-05-08
1507,3,4,4,5,4.0,4,4,,4,2007-05-06
1508,,3,4,5,4.0,4,5,,4,2007-05-05
1509,5,5,5,5,5.0,4,5,,4,2007-05-05
1510,2,5,5,5,4.0,2,4,,4,2007-05-04
1511,,4,4,4,3.0,3,4,,3,2007-05-04
1512,,2,3,4,4.0,2,4,,4,2007-05-01
1513,1,3,1,1,1.0,1,2,,1,2007-04-30
1514,,5,5,5,4.0,2,4,,3,2007-04-30
1515,1,1,4,5,3.0,2,3,,2,2007-04-29
1516,4,5,5,5,5.0,5,5,,5,2007-04-26
1517,,,,,1.0,,,,,2007-04-26
1518,2,3,3,5,4.0,3,4,,4,2007-04-25
1519,,1,2,4,2.0,1,1,,2,2007-04-24
1520,3,2,2,3,2.0,2,3,,2,2007-04-21
1521,4,3,2,3,2.0,1,2,,2,2007-04-18
1522,,2,3,4,1.0,1,2,,2,2007-04-15
1523,2,4,4,4,4.0,2,4,,,2007-04-12
1524,,1,5,5,4.0,5,5,,4,2007-04-08
1525,4,5,5,5,5.0,4,5,,5,2007-04-08
1526,,1,3,4,4.0,4,3,,4,2007-04-08
1527,,,,,5.0,,,,,2007-04-05
1528,,4,5,5,5.0,4,5,,5,2007-04-04
1529,,,,,4.0,,,,,2007-04-03
1530,,,,,4.0,,,,,2007-04-03
1531,4,4,,4,4.0,3,,,4,2007-04-01
1532,,5,2,5,3.0,2,3,,3,2007-03-29
1533,,,,,5.0,,,,,2007-03-28
1534,4,4,4,3,2.0,1,2,,3,2007-03-27
1535,,,,,4.0,,,,,2007-03-27
1536,,2,4,4,5.0,4,5,,,2007-03-23
1537,,4,3,5,4.0,2,4,,4,2007-03-22
1538,5,5,5,5,5.0,5,5,,5,2007-03-22
1539,3,5,5,5,4.0,4,5,,5,2007-03-21
1540,5,5,5,5,5.0,5,4,,4,2007-03-20
1541,,,,,4.0,,,,,2007-03-17
1542,,,,,2.0,,,,,2007-03-15
1543,,2,3,2,4.0,3,4,,4,2007-03-15
1544,,,,,4.0,,,,,2007-03-12
1545,,5,5,5,5.0,3,5,,5,2007-03-08
1546,5,5,5,5,5.0,5,5,,5,2007-03-07
1547,3,4,3,4,3.0,2,5,,3,2007-03-06
1548,,,,,4.0,,,,,2007-03-02
1549,,,,,4.0,,,,,2007-03-01
1550,,,,,5.0,,,,,2007-02-27
1551,,,,,2.0,,,,,2007-02-26
1552,3,5,4,5,5.0,3,4,,4,2007-02-21
1553,,1,4,5,4.0,4,5,,4,2007-02-16
1554,,,,,4.0,,,,,2007-02-12
1555,4,5,4,5,5.0,4,4,,4,2007-02-06
1556,,,,,4.0,,,,,2007-02-06
1557,,5,4,5,5.0,4,4,,4,2007-02-04
1558,,5,5,5,5.0,4,5,,4,2007-01-30
1559,,,,,4.0,,,,,2007-01-26
1560,,,,,5.0,,,,,2007-01-22
1561,3,2,3,3,3.0,3,3,,2,2007-01-22
1562,,5,5,5,5.0,4,5,,5,2007-01-20
1563,,,,,5.0,,,,,2007-01-18
1564,3,4,4,5,4.0,4,4,,4,2007-01-08
1565,,,,,5.0,,,,,2007-01-04
1566,,5,4,4,4.0,3,4,,4,2007-01-04
1567,5,4,5,5,4.0,5,5,,4,2007-01-02
1568,,5,5,5,4.0,4,5,,5,2006-12-27
1569,,5,4,5,4.0,3,4,,5,2006-12-27
1570,,4,4,5,4.0,3,5,,4,2006-12-20
1571,,4,4,5,4.0,4,4,,4,2006-12-19
1572,,2,4,4,4.0,3,4,,4,2006-12-18
1573,,4,4,4,3.0,4,4,,3,2006-12-14
1574,4,5,4,5,5.0,4,5,,4,2006-12-13
1575,,4,5,4,4.0,4,5,,4,2006-12-12
1576,5,3,5,5,4.0,2,3,,4,2006-12-03
1577,4,4,4,3,4.0,4,4,,3,2006-12-02
1578,3,5,4,5,4.0,2,3,,4,2006-11-29
1579,3,5,5,5,5.0,5,5,,5,2006-11-18
1580,3,4,4,5,4.0,3,5,,4,2006-11-01
1581,3,5,3,4,4.0,4,5,,4,2006-10-28
1582,4,5,5,4,4.0,4,4,,5,2006-10-23
1583,3,4,4,5,4.0,4,4,,5,2006-10-19
1584,,5,5,5,4.0,5,5,,5,2006-10-10
1585,,5,4,5,4.0,4,5,,4,2006-10-09
1586,3,5,4,5,4.0,3,5,,4,2006-10-03
1587,4,3,5,4,5.0,4,5,,5,2006-10-02
1588,,,,,4.0,,,,,2006-09-02
1589,4,5,4,5,2.0,1,4,,3,2006-09-02
1590,,1,2,4,1.0,1,1,,1,2006-08-27
1591,3,5,3,5,4.0,3,3,,4,2006-08-20
1592,,,,,4.0,,,,,2006-08-14
1593,3,4,4,4,4.0,3,4,,4,2006-08-12
1594,3,3,4,5,2.0,1,1,,2,2006-08-10
1595,,2,5,5,4.0,3,5,,4,2006-08-10
1596,1,3,3,5,3.0,3,2,,3,2006-08-08
1597,,,,,3.0,,,,,2006-08-06
1598,3,3,3,3,4.0,3,3,,3,2006-08-05
1599,,4,3,5,4.0,4,4,,4,2006-08-02
1600,,,,,4.0,,,,,2006-07-30
1601,,5,5,5,5.0,4,5,,5,2006-07-28
1602,4,4,4,4,3.0,3,4,,3,2006-07-23
1603,5,5,5,5,5.0,5,5,,5,2006-07-21
1604,,,5,,4.0,4,5,,4,2006-07-16
1605,,,,,4.0,,,,,2006-07-14
1606,,,,,5.0,,,,,2006-07-13
1607,,,3,,2.0,2,1,,3,2006-07-10
1608,,,,,4.0,,,,,2006-07-07
1609,,,5,,5.0,5,5,,5,2006-07-04
1610,,,,,5.0,,,,,2006-06-29
1611,,,3,,4.0,3,5,,4,2006-06-24
1612,,,4,,4.0,3,5,,4,2006-06-21
1613,,,5,,4.0,5,3,,5,2006-06-20
1614,,,4,,3.0,3,3,,3,2006-06-19
1615,,,,,5.0,,,,,2006-06-17
1616,,,4,,3.0,3,4,,3,2006-06-13
1617,,,5,,5.0,5,5,,5,2006-06-12
1618,,,5,,5.0,4,4,,5,2006-06-04
1619,,,4,,4.0,3,4,,4,2006-06-02
1620,,,4,,4.0,4,5,,5,2006-05-27
1621,,,3,,3.0,3,3,,3,2006-05-27
1622,,,4,,4.0,4,3,,4,2006-05-18
1623,,,5,,3.0,3,5,,4,2006-05-17
1624,,,,,4.0,,,,,2006-05-11
1625,,,4,,4.0,4,5,,5,2006-05-09
1626,,,4,,4.0,3,5,,3,2006-05-08
1627,,,3,,4.0,3,3,,3,2006-05-06
1628,,,5,,4.0,3,5,,4,2006-05-03
1629,,,4,,3.0,3,4,,3,2006-05-03
1630,,,3,,2.0,1,3,,3,2006-05-03
1631,,,3,,3.0,2,3,,4,2006-05-01
1632,,,4,,5.0,4,5,,4,2006-05-01
1633,,,,,3.0,,,,,2006-04-30
1634,,,4,,4.0,4,4,,4,2006-04-29
1635,,,4,,4.0,4,4,,4,2006-04-28
1636,,,2,,1.0,3,1,,2,2006-04-27
1637,,,4,,4.0,5,4,,4,2006-04-27
1638,,,2,,2.0,3,2,,2,2006-04-25
1639,,,2,,1.0,1,2,,2,2006-04-23
1640,,,4,,4.0,3,4,,4,2006-04-22
1641,,,,,2.0,,,,,2006-04-21
1642,,,4,,1.0,2,3,,2,2006-04-21
1643,,,3,,3.0,3,1,,3,2006-04-20
1644,,,5,,4.0,2,4,,5,2006-04-18
1645,,,4,,4.0,3,4,,4,2006-04-17
1646,,,3,,4.0,3,4,,4,2006-04-17
1647,,,4,,4.0,4,5,,4,2006-04-14
1648,,,4,,3.0,4,3,,3,2006-04-12
1649,,,4,,5.0,5,5,,4,2006-04-10
1650,,,5,,3.0,2,4,,5,2006-04-10
1651,,,4,,3.0,3,4,,2,2006-04-09
1652,,,3,,4.0,4,4,,4,2006-04-06
1653,,,4,,3.0,4,3,,3,2006-04-04
1654,,,4,,5.0,4,5,,4,2006-04-04
1655,,,,,3.0,,,,,2006-04-04
1656,,,4,,4.0,2,4,,5,2006-04-03
1657,,,3,,2.0,3,4,,,2006-04-02
1658,,,4,,3.0,3,2,,2,2006-04-02
1659,,,,,4.0,,,,,2006-04-02
1660,,,2,,1.0,2,1,,2,2006-03-30
1661,,,3,,2.0,2,2,,3,2006-03-30
1662,,,4,,4.0,3,4,,5,2006-03-28
1663,,,3,,3.0,3,2,,2,2006-03-27
1664,,,4,,2.0,2,2,,3,2006-03-26
1665,,,4,,4.0,3,4,,4,2006-03-25
1666,,,2,,2.0,1,2,,1,2006-03-25
1667,,,4,,2.0,3,4,,1,2006-03-25
1668,,,1,,1.0,1,1,,1,2006-03-24
1669,,,4,,3.0,3,2,,3,2006-03-23
1670,,,2,,3.0,3,4,,3,2006-03-22
1671,,,4,,4.0,4,4,,4,2006-03-20
1672,,,4,,4.0,3,4,,4,2006-03-19
1673,,,4,,4.0,3,4,,3,2006-03-18
1674,,,5,,5.0,3,5,,5,2006-03-18
1675,,,2,,2.0,3,3,,3,2006-03-17
1676,,,3,,3.0,4,3,,3,2006-03-16
1677,,,4,,4.0,4,4,,4,2006-03-15
1678,,,5,,4.0,4,4,,3,2006-03-14
1679,,,3,,4.0,3,3,,4,2006-03-13
1680,,,,,2.0,,,,,2006-03-13
1681,,,2,,1.0,1,1,,1,2006-03-12
1682,,,4,,3.0,4,2,,4,2006-03-12
1683,,,4,,3.0,3,3,,2,2006-03-11
1684,,,4,,4.0,2,4,,5,2006-03-09
1685,,,,,2.0,,,,,2006-03-09
1686,,,3,,2.0,2,2,,1,2006-03-07
1687,,,2,,2.0,1,3,,2,2006-03-07
1688,,,1,,1.0,1,1,,1,2006-03-06
1689,,,3,,1.0,3,1,,1,2006-03-05
1690,,,5,,5.0,4,4,,5,2006-03-05
1691,,,4,,4.0,3,4,,4,2006-03-05
1692,,,3,,3.0,3,3,,3,2006-03-04
1693,,,3,,3.0,3,2,,4,2006-03-03
1694,,,4,,4.0,3,4,,4,2006-02-28
1695,,,4,,5.0,4,4,,4,2006-02-27
1696,,,,,5.0,,,,,2006-02-27
1697,,,4,,4.0,4,4,,4,2006-02-22
1698,,,5,,5.0,4,5,,5,2006-02-18
1699,,,5,,5.0,4,5,,4,2006-02-15
1700,,,5,,5.0,5,5,,5,2006-02-12
1701,,,2,,2.0,4,1,,2,2006-02-10
1702,,,1,,1.0,1,1,,1,2006-02-09
1703,,,5,,5.0,4,5,,5,2006-02-07
1704,,,3,,3.0,4,1,,2,2006-02-01
1705,,,3,,3.0,2,2,,3,2006-02-01
1706,,,5,,5.0,4,4,,5,2006-01-31
1707,,,4,,3.0,3,3,,3,2006-01-30
1708,,,4,,4.0,3,4,,5,2006-01-26
1709,,,3,,4.0,4,4,,3,2006-01-22
1710,,,3,,4.0,4,4,,5,2006-01-22
1711,,,,,4.0,,,,,2006-01-18
1712,,,4,,3.0,3,4,,4,2006-01-12
1713,,,1,,3.0,2,1,,1,2006-01-10
1714,,,2,,3.0,2,3,,2,2006-01-10
1715,,,4,,4.0,4,4,,3,2006-01-03
1716,,,,,5.0,,,,,2005-12-20
1717,,,5,,5.0,5,5,,5,2005-12-08
1718,,,4,,4.0,3,2,,3,2005-12-07
1719,,,5,,5.0,4,5,,5,2005-12-07
1720,,,5,,3.0,3,5,,2,2005-10-31
1721,,,5,,5.0,4,5,,5,2005-10-19
1722,,,,,3.0,,,,,2005-10-14
1723,,,5,,5.0,4,5,,5,2005-10-04
1724,,,3,,2.0,3,1,,3,2005-09-25
1725,,,,,2.0,,,,,2005-09-09
1726,,,5,,5.0,4,5,,5,2005-09-08
1727,,,5,,4.0,3,4,,5,2005-09-07
1728,,,5,,5.0,5,5,,5,2005-08-20
1729,,,,,3.0,,,,,2005-08-19
1730,,,3,,2.0,3,2,,1,2005-08-17
1731,,,5,,4.0,4,4,,5,2005-08-16
1732,,,4,,2.0,2,1,,1,2005-08-12
1733,,,,,5.0,,,,,2005-08-12
1734,,,4,,4.0,3,4,,4,2005-08-11
1735,,,4,,2.0,3,2,,3,2005-08-01
1736,,,4,,4.0,3,4,,3,2005-07-31
1737,,,3,,4.0,3,5,,4,2005-07-27
1738,,,4,,3.0,4,4,,4,2005-07-24
1739,,,4,,4.0,4,5,,5,2005-07-22
1740,,,4,,5.0,5,5,,4,2005-07-19
1741,,,5,,5.0,5,5,,5,2005-07-18
1742,,,5,,4.0,5,5,,4,2005-07-17
1743,,,,,4.0,,,,,2005-07-17
1744,,,4,,4.0,5,4,,5,2005-07-14
1745,,,5,,5.0,5,5,,5,2005-07-12
1746,,,4,,2.0,4,3,,3,2005-07-10
1747,,,3,,4.0,3,2,,3,2005-07-08
1748,,,,,5.0,,,,,2005-07-05
1749,,,5,,5.0,5,5,,5,2005-07-04
1750,,,4,,5.0,4,5,,5,2005-07-01
1751,,,4,,4.0,3,4,,5,2005-06-30
1752,,,5,,5.0,5,5,,5,2005-06-23
1753,,,5,,5.0,5,5,,5,2005-06-22
1754,,,5,,4.0,3,5,,4,2005-06-21
1755,,,3,,4.0,3,3,,3,2005-06-20
1756,,,4,,4.0,4,4,,4,2005-06-14
1757,,,4,,5.0,3,5,,4,2005-06-13
1758,,,3,,3.0,3,3,,2,2005-06-12
1759,,,,,2.0,,,,,2005-06-12
1760,,,,,5.0,,,,,2005-06-07
1761,,,,,5.0,,,,,2005-06-05
1762,,,5,,5.0,5,5,,5,2005-06-04
1763,,,5,,5.0,4,4,,5,2005-06-03
1764,,,5,,4.0,4,4,,4,2005-05-23
1765,,,5,,4.0,4,4,,4,2005-05-21
1766,,,5,,4.0,4,3,,3,2005-05-16
1767,,,5,,4.0,3,5,,5,2005-05-16
1768,,,3,,3.0,5,4,,3,2005-05-11
1769,,,4,,4.0,3,4,,4,2005-05-06
1770,,,5,,4.0,5,5,,4,2005-05-05
1771,,,5,,5.0,5,4,,5,2005-05-05
1772,,,3,,3.0,3,5,,4,2005-05-02
1773,,,3,,4.0,3,3,,4,2005-05-02
1774,,,3,,3.0,3,4,,3,2005-05-01
1775,,,5,,5.0,5,5,,5,2005-04-27
1776,,,2,,1.0,2,1,,1,2005-04-23
1777,,,4,,4.0,3,3,,3,2005-04-23
1778,,,4,,3.0,4,5,,4,2005-04-23
1779,,,2,,1.0,3,4,,2,2005-04-23
1780,,,2,,2.0,2,2,,2,2005-04-18
1781,,,4,,5.0,4,5,,5,2005-04-10
1782,,,4,,4.0,4,4,,4,2005-04-10
1783,,,5,,5.0,4,4,,5,2005-04-01
1784,,,5,,4.0,4,4,,4,2005-03-27
1785,,,,,1.0,3,,,,2005-03-26
1786,,,3,,3.0,3,2,,3,2005-03-23
1787,,,4,,5.0,3,5,,5,2005-03-23
1788,,,4,,4.0,3,5,,5,2005-03-20
1789,,,4,,4.0,4,4,,4,2005-03-18
1790,,,4,,4.0,4,3,,3,2005-03-16
1791,,,4,,4.0,4,4,,4,2005-03-13
1792,,,,,5.0,,,,,2005-03-11
1793,,,2,,1.0,2,2,,2,2005-03-11
1794,,,5,,5.0,5,5,,4,2005-03-10
1795,,,4,,4.0,3,4,,4,2005-03-09
1796,,,5,,5.0,4,5,,3,2005-03-06
1797,,,5,,5.0,5,5,,5,2005-03-03
1798,,,,,4.0,,,,,2005-02-28
1799,,,,,2.0,,,,,2005-02-26
1800,,,,,2.0,,,,,2005-02-21
1801,,,,,1.0,,,,,2005-02-20
1802,,,,,4.0,,,,,2005-02-18
1803,,,,,5.0,,,,,2005-02-17
1804,,,,,5.0,,,,,2005-02-17
1805,,,4,,3.0,3,4,,2,2005-02-17
1806,,,5,,4.0,4,5,,5,2005-02-15
1807,,,5,,4.0,3,5,,5,2005-02-15
1808,,,,,5.0,,,,,2005-02-10
1809,,,,,4.0,,,,,2005-02-09
1810,,,,,5.0,,,,,2005-02-07
1811,,,5,,4.0,4,4,,5,2005-02-04
1812,,,,,5.0,,,,,2005-02-02
1813,,,,,3.0,,,,,2005-02-02
1814,,,,,5.0,,,,,2005-02-01
1815,,,,,4.0,,,,,2005-01-28
1816,,,,,4.0,,,,,2005-01-27
1817,,,,,4.0,,,,,2005-01-27
1818,,,,,3.0,,,,,2005-01-25
1819,,,2,,2.0,2,1,,2,2005-01-18
1820,,,5,,5.0,5,5,,5,2005-01-15
1821,,,5,,5.0,5,4,,5,2005-01-14
1822,,,,,5.0,,,,,2005-01-13
1823,,,,,3.0,,,,,2005-01-09
1824,,,3,,3.0,2,4,,4,2005-01-04
1825,,,,,4.0,,,,,2005-01-03
1826,,,,,5.0,,,,,2005-01-02
1827,,,,,4.0,,,,,2005-01-01
1828,,,,,5.0,,,,,2004-12-21
1829,,,5,,4.0,4,5,,5,2004-12-20
1830,,,3,,5.0,3,4,,4,2004-12-18
1831,,,4,,3.0,4,3,,3,2004-12-17
1832,,,,,5.0,,,,,2004-12-08
1833,,,,,4.0,,,,,2004-12-01
1834,,,5,,5.0,5,5,,5,2004-11-23
1835,,,5,,5.0,4,5,,5,2004-11-17
1836,,,,,5.0,,,,,2004-11-10
1837,,,5,,5.0,5,5,,5,2004-11-07
1838,,,,,5.0,,,,,2004-11-03
1839,,,,,1.0,,,,,2004-11-03
1840,,,,,1.0,,,,,2004-11-02
1841,,,4,,5.0,3,4,,4,2004-11-02
1842,,,4,,4.0,3,4,,5,2004-10-25
1843,,,,,3.0,,,,,2004-10-15
1844,,,,,5.0,,,,,2004-10-11
1845,,,,,5.0,,,,,2004-10-05
1846,,,,,5.0,,,,,2004-09-30
1847,,,,,5.0,,,,,2004-09-30
1848,,,,,5.0,,,,,2004-09-16
1849,,,,,4.0,,,,,2004-09-13
1850,,,,,4.0,,,,,2004-09-08
1851,,,,,4.0,,,,,2004-09-06
1852,,,,,4.0,,,,,2004-08-24
1853,,,,,4.0,,,,,2004-08-21
1854,,,,,5.0,,,,,2004-08-11
1855,,,,,5.0,,,,,2004-08-09
1856,,,,,4.0,,,,,2004-08-07
1857,,,,,3.0,,,,,2004-08-03
1858,,,,,5.0,,,,,2004-07-28
1859,,,,,3.0,,,,,2004-07-26
1860,,,2,,3.0,2,2,,3,2004-07-22
1861,,,,,4.0,,,,,2004-07-21
1862,,,,,4.0,,,,,2004-07-20
1863,,,,,3.0,,,,,2004-07-20
1864,,,,,5.0,,,,,2004-07-19
1865,,,3,,3.0,4,2,,3,2004-07-18
1866,,,,,4.0,,,,,2004-07-18
1867,,,,,4.0,,,,,2004-07-16
1868,,,,,5.0,,,,,2004-07-14
1869,,,,,3.0,,,,,2004-07-13
1870,,,,,2.0,,,,,2004-07-12
1871,,,,,4.0,,,,,2004-07-10
1872,,,,,4.0,,,,,2004-07-05
1873,,,3,,3.0,3,3,,3,2004-07-01
1874,,,4,,5.0,3,4,,5,2004-06-26
1875,,,,,5.0,,,,,2004-06-24
1876,,,,,1.0,,,,,2004-06-24
1877,,,,,1.0,,,,,2004-06-23
1878,,,,,3.0,,,,,2004-06-23
1879,,,,,2.0,,,,,2004-06-22
1880,,,,,5.0,,,,,2004-06-09
1881,,,,,5.0,,,,,2004-06-08
1882,,,,,5.0,,,,,2004-05-26
1883,,,,,4.0,,,,,2004-05-24
1884,,,,,5.0,,,,,2004-05-23
1885,,,,,5.0,,,,,2004-05-16
1886,,,,,4.0,,,,,2004-05-13
1887,,,,,4.0,,,,,2004-05-08
1888,,,,,3.0,,,,,2004-04-28
1889,,,5,,5.0,3,4,,5,2004-04-27
1890,,,,,2.0,,,,,2004-04-26
1891,,,,,3.0,,,,,2004-04-26
1892,,,,,4.0,,,,,2004-04-24
1893,,,,,5.0,,,,,2004-04-20
1894,,,,,5.0,,,,,2004-04-17
1895,,,4,,5.0,4,4,,4,2004-04-12
1896,,,,,4.0,,,,,2004-03-29
1897,,,,,5.0,,,,,2004-03-28
1898,,,,,3.0,,,,,2004-03-28
1899,,,,,2.0,,,,,2004-03-27
1900,,,,,1.0,,,,,2004-03-23
1901,,,,,4.0,,,,,2004-03-22
1902,,,,,1.0,,,,,2004-03-20
1903,,,,,4.0,,,,,2004-03-18
1904,,,,,4.0,,,,,2004-03-13
1905,,,,,3.0,,,,,2004-03-09
1906,,,4,,4.0,5,5,,3,2004-03-07
1907,,,,,4.0,,,,,2004-03-07
1908,,,,,5.0,,,,,2004-03-04
1909,,,,,5.0,,,,,2004-03-03
1910,,,,,5.0,,,,,2004-03-03
1911,,,,,4.0,,,,,2004-03-03
1912,,,,,5.0,,,,,2004-03-01
1913,,,,,4.0,,,,,2004-02-25
1914,,,,,4.0,,,,,2004-02-25
1915,,,,,5.0,,,,,2004-02-25
1916,,,,,4.0,,,,,2004-02-23
1917,,,4,,4.0,3,4,,4,2004-02-23
1918,,,,,3.0,,,,,2004-02-22
1919,,,,,4.0,,,,,2004-02-22
1920,,,,,3.0,,,,,2004-02-19
1921,,,,,4.0,,,,,2004-02-16
1922,,,,,4.0,,,,,2004-02-12
1923,,,,,4.0,,,,,2004-02-12
1924,,,,,2.0,,,,,2004-02-09
1925,,,,,3.0,,,,,2004-02-08
1926,,,,,1.0,,,,,2004-02-03
1927,,,,,5.0,,,,,2004-02-02
1928,,,,,5.0,,,,,2004-01-27
1929,,,,,4.0,,,,,2004-01-27
1930,,,,,5.0,,,,,2004-01-26
1931,,,,,5.0,,,,,2004-01-23
1932,,,,,5.0,,,,,2004-01-14
1933,,,,,5.0,,,,,2004-01-07
1934,,,,,4.0,,,,,2003-12-31
1935,,,1,,2.0,1,1,,1,2003-12-26
1936,,,,,4.0,,,,,2003-12-15
1937,,,5,,5.0,5,5,,5,2003-12-10
1938,,,,,2.0,,,,,2003-12-10
1939,,,,,1.0,,,,,2003-12-01
1940,,,,,5.0,,,,,2003-11-30
1941,,,,,5.0,,,,,2003-11-28
1942,,,,,3.0,,,,,2003-11-20
1943,,,,,4.0,,,,,2003-11-15
1944,,,,,4.0,,,,,2003-10-30
1945,,,,,4.0,,,,,2003-10-28
1946,,,,,3.0,,,,,2003-10-20
1947,,,,,3.0,,,,,2003-10-18
1948,,,,,5.0,,,,,2003-09-19
1949,,,,,5.0,,,,,2003-09-03
1950,,,,,5.0,,,,,2003-08-29
1951,,,,,5.0,,,,,2003-08-26
1952,,,,,4.0,,,,,2003-08-14
1953,,,,,2.0,,,,,2003-08-13
1954,,,,,5.0,,,,,2003-08-05
1955,,,,,5.0,,,,,2003-08-05
1956,,,,,5.0,,,,,2003-08-04
1957,,,,,3.0,,,,,2003-07-30
1958,,,,,4.0,,,,,2003-07-30
1959,,,,,4.0,,,,,2003-07-28
1960,,,,,4.0,,,,,2003-07-14
1961,,,,,5.0,,,,,2003-07-14
1962,,,,,4.0,,,,,2003-07-14
1963,,,4,,4.0,3,4,,4,2003-07-10
1964,,,,,4.0,,,,,2003-06-30
1965,,,,,4.0,,,,,2003-06-26
1966,,,,,4.0,,,,,2003-06-24
1967,,,,,5.0,,,,,2003-06-16
1968,,,,,5.0,,,,,2003-06-02
1969,,,,,4.0,,,,,2003-05-29
1970,,,,,5.0,,,,,2003-05-27
1971,,,,,4.0,,,,,2003-05-18
1972,,,,,4.0,,,,,2003-04-30
1973,,,,,4.0,,,,,2003-04-28
1974,,,,,3.0,,,,,2003-04-28
1975,,,,,4.0,,,,,2003-04-24
1976,,,,,2.0,,,,,2003-04-23
1977,,,5,,5.0,5,5,,5,2003-04-16
1978,,,,,5.0,,,,,2003-04-13
1979,,,,,5.0,,,,,2003-04-12
1980,,,,,4.0,,,,,2003-04-11
1981,,,,,5.0,,,,,2003-04-01
1982,,,,,4.0,,,,,2003-03-31
1983,,,,,3.0,,,,,2003-03-31
1984,,,,,4.0,,,,,2003-03-16
1985,,,,,4.0,,,,,2003-03-13
